food_name,source,predicate,matched_seed_entity_pks,matched_seed_display_labels,matched_seed_resolution_status,matched_seed_resolution_statuses,food_entity_pk,food_canonical,relation_pk,evidence_count
Asparagus,foodb,has_member,dae8e667-770c-5d34-a381-8fd25179bc58,Azelate,resolved,resolved,61d0a0e5-9d1b-0338-60f4-95b957b25efd,0f8b579ee55744f3985b96d39b1029eb,82df4376-2104-a97d-1ac2-243bc1012a55,1
Common bean,foodb,has_member,dae8e667-770c-5d34-a381-8fd25179bc58,Azelate,resolved,resolved,f15d027b-3505-0d13-a0ce-03515eabae86,80827ca79bba1ac34655aeedfa8f509b,3f1526d3-524b-663c-86ef-c8a404301b55,1
Monterey Jack cheese flavoured with chili flakes,ptfi,has_member,834f4132-7b63-4502-d458-6dc442371796,Azelaic acid (PTF52203),unresolved,unresolved,bbd5abde-c0e9-159a-71e3-35a74b91a5c4,db951d82faf2cbf38c7981d7b0119ac9,9c38cffd-9096-b0f6-8718-1f613fb02761,1
Potato,foodb,has_member,dae8e667-770c-5d34-a381-8fd25179bc58,Azelate,resolved,resolved,c824abb6-4fb5-da8c-5b67-dd1e848c0d40,354e1ea00837da47cbcd625fd66c84ea,2bb86317-e75a-2306-cca1-5d3e214813b5,1
alaria (dried),ptfi,has_member,834f4132-7b63-4502-d458-6dc442371796,Azelaic acid (PTF52203),unresolved,unresolved,c575f79b-7d44-0d3f-8304-469a32c184ab,5cd162172669b7489fe1dca3482de3ec,5583dcfa-ae4f-de04-4aca-a9c8c10dee66,1
almond kernel (raw),ptfi,has_member,834f4132-7b63-4502-d458-6dc442371796,Azelaic acid (PTF52203),unresolved,unresolved,b2144e85-4dcf-5d5b-06ed-1a405aa53171,344f96c8c19ff52ab8201a8c46eac490,3e1cd18a-e97f-c1a0-c202-58849dad1c81,1
almond milk,ptfi,has_member,834f4132-7b63-4502-d458-6dc442371796,Azelaic acid (PTF52203),unresolved,unresolved,e565960f-fd2f-8394-bacb-a9a65e29e9cd,cce588db680d27a34cc14d9e9f895d3d,52ac4f67-4127-062a-d74e-3174aec34d85,1
apricot (dried),ptfi,has_member,834f4132-7b63-4502-d458-6dc442371796,Azelaic acid (PTF52203),unresolved,unresolved,89272381-df13-710d-6ac8-8e1dac5661ba,864c9a0505974d62f1ccc8e1d027cad6,1a5c22cb-cb03-336b-d76b-82cb38b59370,1
artichoke head (raw),ptfi,has_member,834f4132-7b63-4502-d458-6dc442371796,Azelaic acid (PTF52203),unresolved,unresolved,bd60b19a-6b31-15dd-337b-0f26768f12e2,cec5538878356662113480e372e27ef0,43fc6385-a2bc-24f7-d0f0-0e8e932a60a3,1
asparagus spear (raw),ptfi,has_member,834f4132-7b63-4502-d458-6dc442371796,Azelaic acid (PTF52203),unresolved,unresolved,4be89a1d-c8e1-7d5d-0b80-2f730ca74bc0,e80523afdb6ce93ad501e0308f6f7237,6167b4c3-c79d-1086-d04e-0bb4b9708213,1
bee pollen,ptfi,has_member,834f4132-7b63-4502-d458-6dc442371796,Azelaic acid (PTF52203),unresolved,unresolved,7c7c99ca-b030-8629-56b8-36620ed9a853,8292518808966d137d00889e4b838673,7864e6e0-74a7-d6c8-807d-0b4b1c7a3362,1
beef heart (raw),ptfi,has_member,834f4132-7b63-4502-d458-6dc442371796,Azelaic acid (PTF52203),unresolved,unresolved,317f5941-7b78-5f5f-a425-0717af1fef19,d056945bf772ccb51f516a775512c338,2246da4e-467c-34ff-6bc6-20fb52ef829a,1
beef liver (raw),ptfi,has_member,834f4132-7b63-4502-d458-6dc442371796,Azelaic acid (PTF52203),unresolved,unresolved,bb10e0e0-a2d5-7787-12f2-633fcb5b73b6,28f38a30e4aff47acdc24ece965830ca,8ed5fa7c-a7eb-e76e-c2a7-9450d73b7f6b,1
"beef rib (prime grade, raw)",ptfi,has_member,834f4132-7b63-4502-d458-6dc442371796,Azelaic acid (PTF52203),unresolved,unresolved,2bed1f53-39b8-8078-ad5f-556a771eafa2,0311c479d739d50dafe4982b6e122877,e8aa73a4-e2db-71ca-a660-d8f602d14620,1
bilberry (dried),ptfi,has_member,834f4132-7b63-4502-d458-6dc442371796,Azelaic acid (PTF52203),unresolved,unresolved,93d37ee9-c7f1-9083-0d9d-12de9a221a7b,e17183d8dad3807bb4587eba784740b9,d4b3186c-fb1f-474e-d4bf-8a9f75af5788,1
black olive (canned),ptfi,has_member,834f4132-7b63-4502-d458-6dc442371796,Azelaic acid (PTF52203),unresolved,unresolved,fdcbc38b-df98-8bb4-e5e4-ab0c63cb2714,a006d8d3ec748ad438e421516b515493,39d7ad46-f57b-9874-de47-2b5fa4486641,1
black turtle bean (dried),ptfi,has_member,834f4132-7b63-4502-d458-6dc442371796,Azelaic acid (PTF52203),unresolved,unresolved,1594b742-4d75-68ef-d81f-4746965927f5,663fdb46c6e7f49b773a7e20ed39a127,cb724059-0278-5d80-18a8-e65850b12336,1
black walnut (raw),ptfi,has_member,834f4132-7b63-4502-d458-6dc442371796,Azelaic acid (PTF52203),unresolved,unresolved,67d4167b-3853-7061-1dca-d7c3221980a6,cf9f7df77bc80d06eda994409b672457,62ebe719-e389-cf40-d2f4-8f1bc414b887,1
blackeyed pea (raw),ptfi,has_member,834f4132-7b63-4502-d458-6dc442371796,Azelaic acid (PTF52203),unresolved,unresolved,10f8c8ff-fc1f-20ea-04d3-0d75c90f158b,8ce60060cf946d791a55d34a4ace7569,5b9275cc-be1f-d58f-7ae2-49b83a1e661c,1
bok choy rosette,ptfi,has_member,834f4132-7b63-4502-d458-6dc442371796,Azelaic acid (PTF52203),unresolved,unresolved,c39f189f-5021-f74a-8228-5caceb258249,5ac3e4f066356614c96516d57054d6d3,70108c84-5f8c-51f2-7a72-778fc3d85ea1,1
boysenberry (frozen),ptfi,has_member,834f4132-7b63-4502-d458-6dc442371796,Azelaic acid (PTF52203),unresolved,unresolved,8d67a36e-715a-40ea-cad4-1402b9f6b704,6693def98dc00fa4b6c070231ac21f84,ae604e30-456e-7554-21b8-276656dc9c71,1
brown lentil (dried),ptfi,has_member,834f4132-7b63-4502-d458-6dc442371796,Azelaic acid (PTF52203),unresolved,unresolved,cc7922ea-d8ed-aecf-5066-c1d6e8620e8f,9501595cf55cd1be167e3bb49f007adf,02700d8c-607a-2e58-4542-8ef4bdbd1e91,1
brown mushroom (raw),ptfi,has_member,834f4132-7b63-4502-d458-6dc442371796,Azelaic acid (PTF52203),unresolved,unresolved,8b15f414-f15e-be80-4f40-1c18ddc6a6e0,598ddcfd1f6bfb06c1f79f1e1cbe79f7,9c20d7f6-d781-2139-5b52-7c39cd4f0558,1
buckwheat flour,ptfi,has_member,834f4132-7b63-4502-d458-6dc442371796,Azelaic acid (PTF52203),unresolved,unresolved,f7a06a62-7b87-1510-b083-fdf3101de5c2,3b293d832d39f845be02b987a8ad2da3,336a8c40-1ff4-fdc4-b8f8-47ef547f2406,1
butter (unsalted),ptfi,has_member,834f4132-7b63-4502-d458-6dc442371796,Azelaic acid (PTF52203),unresolved,unresolved,7a3d7571-6744-285b-772e-37097e9d386a,bc5fa730bd527ab397a9d48e6e0d5f4a,0d00e5ea-b76d-a5fa-b6de-3268e44e4c33,1
california blackberry (frozen),ptfi,has_member,834f4132-7b63-4502-d458-6dc442371796,Azelaic acid (PTF52203),unresolved,unresolved,f88d5e66-75fc-1abb-c074-9255db936647,0221527cf67755aa68945fef4cdb05ba,7d20a5a2-2d24-7eb2-939e-cb1768e6a13e,1
canary bean (raw),ptfi,has_member,834f4132-7b63-4502-d458-6dc442371796,Azelaic acid (PTF52203),unresolved,unresolved,6d8db7bc-a173-c42c-6e63-68136d0047c4,6356ea18a2e816dbcfed5e85390b6240,45f94642-7676-c717-a21a-88db3e4b6762,1
carrot root (peeled),ptfi,has_member,834f4132-7b63-4502-d458-6dc442371796,Azelaic acid (PTF52203),unresolved,unresolved,0416d3f6-b254-8d67-ba15-26b34027bda6,048d4ab423cc7d795d9b17e262af009a,6f1645ab-d9e2-7729-e3e3-9e4cbdbadb81,1
celery heart (raw),ptfi,has_member,834f4132-7b63-4502-d458-6dc442371796,Azelaic acid (PTF52203),unresolved,unresolved,25958f77-bfdb-f986-49c3-206fbd08a98e,a1a75fdf628ee18bd782c573a54ee002,9c4ca5d9-b2ab-4b26-b429-291ef59a7b0a,1
celtuce stem (raw),ptfi,has_member,834f4132-7b63-4502-d458-6dc442371796,Azelaic acid (PTF52203),unresolved,unresolved,495bfcdf-6b1d-ae93-c4a7-8c1df9ac09ff,e0571c9e31032fe2e149c70b3b791ef8,2b3e9caa-8283-8102-086b-6d5f11ebb218,1
cheddar cheese (mild),ptfi,has_member,834f4132-7b63-4502-d458-6dc442371796,Azelaic acid (PTF52203),unresolved,unresolved,8c72d593-c427-b3d2-facf-21f3ed9e8225,fa1347c79d6d9950808b29cd765d6f49,b3a9ede2-b9bf-c7a8-1aa2-955ddf3045b7,1
chestnut (raw),ptfi,has_member,834f4132-7b63-4502-d458-6dc442371796,Azelaic acid (PTF52203),unresolved,unresolved,8f34f792-70be-b7c4-355e-724906076f5a,c11c6d6445ccc4d795b85f338d44f39e,831cf3ff-e62f-9472-44c1-77e5120e1233,1
chicken breast (raw),ptfi,has_member,834f4132-7b63-4502-d458-6dc442371796,Azelaic acid (PTF52203),unresolved,unresolved,066affc4-01cf-b40b-78d6-92314171ceb2,21cb04538c1141313edb4bf3be619804,83332143-ac1e-ba92-bd7f-9664240117ce,1
chicken egg,ptfi,has_member,834f4132-7b63-4502-d458-6dc442371796,Azelaic acid (PTF52203),unresolved,unresolved,768cc559-0195-1f3f-44f6-4bbbb6b5212c,3071a4b83ddf41ca8a623f82dd1af0c5,c715fa9e-4705-3fdd-ef47-080eb191ed36,1
chokeberry (frozen),ptfi,has_member,834f4132-7b63-4502-d458-6dc442371796,Azelaic acid (PTF52203),unresolved,unresolved,ed304edc-a7fb-e90c-4c7a-bef0ddae5a05,6a348594605e3d45bcdfd017903f3fc3,efcdb943-c9a3-f2cc-15c7-b4a4871c6c95,1
cinnamon (ground),ptfi,has_member,834f4132-7b63-4502-d458-6dc442371796,Azelaic acid (PTF52203),unresolved,unresolved,2c867f52-3836-7c27-1041-39941162a3dd,651f2acbc54700ddad32b0966557341d,4f91fe4a-be06-aa92-6703-724e6738bdb8,1
cowpea (raw),ptfi,has_member,834f4132-7b63-4502-d458-6dc442371796,Azelaic acid (PTF52203),unresolved,unresolved,4a1471bc-6cef-de6f-f5c9-f5659579dd68,0ab1e4f18346cddd209c609a1425d04d,4f5ea749-e262-00a8-4378-2075d82bc1f6,1
cricket powder,ptfi,has_member,834f4132-7b63-4502-d458-6dc442371796,Azelaic acid (PTF52203),unresolved,unresolved,b4542222-b712-1f6f-0aba-8e2606a777c1,6b37cf0e380eec406011187bed96c002,92f093d7-c697-2a2c-3e7c-bff128721584,1
cucumber (raw),ptfi,has_member,834f4132-7b63-4502-d458-6dc442371796,Azelaic acid (PTF52203),unresolved,unresolved,609c0ce2-ea00-23e8-c0c6-57cb3761600b,bdf9a6f29fd1fbdaf8f4d020336462ce,9dd63e5b-89ba-5445-8911-e39bbe56d8ce,1
delicata squash,ptfi,has_member,834f4132-7b63-4502-d458-6dc442371796,Azelaic acid (PTF52203),unresolved,unresolved,befaf2d5-ce3b-715c-010d-4032c8c2ad22,576d944b162b86048fcd532d2388b07b,e544cf1c-32a5-d4ec-002d-3bd91f5c45d1,1
dogwood berry (raw),ptfi,has_member,834f4132-7b63-4502-d458-6dc442371796,Azelaic acid (PTF52203),unresolved,unresolved,fa92a43b-ff8a-15ab-10b5-b23bf4335610,3afc7615990ab9f0e098b9c0d8976bf7,60e32c2c-284b-e9ab-8587-6f4b67064a57,1
duck egg,ptfi,has_member,834f4132-7b63-4502-d458-6dc442371796,Azelaic acid (PTF52203),unresolved,unresolved,0b9a3869-f8e5-5ef5-920e-a4ab7ff60795,a883ab67d3a1554a51bb40a3d074d415,ad4900fc-34a0-bf89-9f5e-edbeaa4bda22,1
dulse (dried),ptfi,has_member,834f4132-7b63-4502-d458-6dc442371796,Azelaic acid (PTF52203),unresolved,unresolved,f44656ed-a577-e594-b9ed-3a364b580af7,76ccb607252345e1befbe75d05bbc05f,eb4bc34e-f769-d40e-6896-472faf405774,1
edamame pod (raw),ptfi,has_member,834f4132-7b63-4502-d458-6dc442371796,Azelaic acid (PTF52203),unresolved,unresolved,77bd105f-5f4f-b913-da89-49a5cb27dda9,62282005c1663f0b7382535083250d81,b2ee1810-f109-d51f-2378-c631ccc2fef4,1
emu flat fillet (raw),ptfi,has_member,834f4132-7b63-4502-d458-6dc442371796,Azelaic acid (PTF52203),unresolved,unresolved,89ac211c-6a1d-ff86-0ea2-c6e43ee585af,dd645d1649a4f27f804eb6c97c52925f,b0bd160f-3f3f-2e8b-2f9a-2d21e1a6a3d5,1
english walnut meat,ptfi,has_member,834f4132-7b63-4502-d458-6dc442371796,Azelaic acid (PTF52203),unresolved,unresolved,06cdff7d-27c4-f80b-0978-ce27a2b65215,e85e92e03bf151c693c91b760777a104,56c8abf0-6218-0f17-3228-97b13b28edca,1
extra firm tofu (raw),ptfi,has_member,834f4132-7b63-4502-d458-6dc442371796,Azelaic acid (PTF52203),unresolved,unresolved,5620aa41-1a2f-6607-05a7-4c6b59cd0a6b,bf2072c413e199161afc88159acbc73b,504a3524-2cd7-091d-8f84-9428a6577310,1
farmer cheese,ptfi,has_member,834f4132-7b63-4502-d458-6dc442371796,Azelaic acid (PTF52203),unresolved,unresolved,c5bd88df-465f-3d6f-9306-7ef18af9755f,25d2181f18927b4650e0f6b299c328e4,29860da6-3e4c-8bf9-2222-2dfb2d69e8c6,1
farro kernel,ptfi,has_member,834f4132-7b63-4502-d458-6dc442371796,Azelaic acid (PTF52203),unresolved,unresolved,b7ce39db-c963-b296-b9c1-3cd6602cda47,42753171af80054210446ad650faf9b6,076d5010-edcb-d86f-fe01-9a3e5f1d9032,1
fennel (whole or pieces),ptfi,has_member,834f4132-7b63-4502-d458-6dc442371796,Azelaic acid (PTF52203),unresolved,unresolved,f58fd55a-5609-e7c2-bc8c-a4ed2bb25bbc,3e86b382942c57d437de965576ce636e,36b5c2fc-7dc2-0e41-9f80-d441ab09d7a5,1
fig (raw),ptfi,has_member,834f4132-7b63-4502-d458-6dc442371796,Azelaic acid (PTF52203),unresolved,unresolved,8e100668-2e50-d378-18a8-6a4e3e8e753b,eb406c33d43a4075fc971e5a98014106,4f6ce5bf-cb50-1b39-c424-f0b35a46ace2,1
ginger root,ptfi,has_member,834f4132-7b63-4502-d458-6dc442371796,Azelaic acid (PTF52203),unresolved,unresolved,9341ef34-5075-604e-31e4-cf86f8cb4c2b,9ca733775070b03e2a50fefb2bc3ea92,e6170daa-ea5b-14b2-72b8-14ee43c164dd,1
goat milk butter (raw),ptfi,has_member,834f4132-7b63-4502-d458-6dc442371796,Azelaic acid (PTF52203),unresolved,unresolved,d9694c8b-e0ea-a5f6-4c61-3253f1a92ce1,be8fe0ab0352cd89883b8f95c1bca3af,79ca5afe-2e6d-62be-affa-403137a961d8,1
gorgonzola cheese,ptfi,has_member,834f4132-7b63-4502-d458-6dc442371796,Azelaic acid (PTF52203),unresolved,unresolved,573ff6bb-b245-99c6-391b-dfaf62bf2530,402a2d3ea8636d46a5a4a5d0167bf8ed,93c21bfb-9f63-92c8-fdc7-1ebd158e9eda,1
gouda cheese,ptfi,has_member,834f4132-7b63-4502-d458-6dc442371796,Azelaic acid (PTF52203),unresolved,unresolved,20fdc3e2-f217-a8aa-9b91-34083e917aef,8f24061ca8fe82743c0dda8071caa70b,02c195e2-83e0-bc0a-0391-762156c47101,1
gouda cheese (smoked),ptfi,has_member,834f4132-7b63-4502-d458-6dc442371796,Azelaic acid (PTF52203),unresolved,unresolved,4ad0e83b-c912-0538-3dc5-ffaab6e8464b,5c25f91a4e5d38af8d47e30def70d564,5cb7b810-1196-3873-e14c-af54641706d8,1
halibut fillet (raw),ptfi,has_member,834f4132-7b63-4502-d458-6dc442371796,Azelaic acid (PTF52203),unresolved,unresolved,752b6178-150d-1967-32da-9f3f30b2634b,28595716d1a6bcf411b1c9cff2a54754,4de53a18-b13d-2506-155c-938a19e5e96f,1
"hemp seed (dehulled, raw)",ptfi,has_member,834f4132-7b63-4502-d458-6dc442371796,Azelaic acid (PTF52203),unresolved,unresolved,ce56f9ee-b2d8-f5d6-796e-3e342b87f029,47743be413e71c0cca0fdaa402504c4a,3346ecfb-0585-b4aa-1f7c-f9086c83da7b,1
irish moss (dried),ptfi,has_member,834f4132-7b63-4502-d458-6dc442371796,Azelaic acid (PTF52203),unresolved,unresolved,be438443-42b8-287e-b590-c9a3c6761f4a,23ce9fb44b148e5d0007721a1f1b8d82,e002fd5e-a756-fc24-7401-58e6cd43b674,1
jalapeno pepper (raw),ptfi,has_member,834f4132-7b63-4502-d458-6dc442371796,Azelaic acid (PTF52203),unresolved,unresolved,f4aea319-e8ea-2326-8c70-e0696dbf3904,56b9c0d913a9f1f6f49b8fe90c79ce50,76053853-87ea-b275-dabb-fb4c48b70199,1
kale lacinato leaf (raw),ptfi,has_member,834f4132-7b63-4502-d458-6dc442371796,Azelaic acid (PTF52203),unresolved,unresolved,980cb9a2-2d24-026c-4cd5-3d2ff8727100,cc4fe346555771affc99c0dbf246b178,bbc69c9b-3143-09fd-0234-59763f13cbac,1
kale leaf (raw),ptfi,has_member,834f4132-7b63-4502-d458-6dc442371796,Azelaic acid (PTF52203),unresolved,unresolved,d84dee43-e5ba-a5b1-f45a-f05864a1f071,b4601d6501424f90f795b3e55ed4ba39,bb3ee5b9-325f-957d-cde2-7a3a969515b0,1
khorasan wheat kernel (raw),ptfi,has_member,834f4132-7b63-4502-d458-6dc442371796,Azelaic acid (PTF52203),unresolved,unresolved,781e8942-5594-c10c-664c-2db21f9740e3,57bf62424d0aa393f9e977e0e0c58bd9,287baa0a-b6ba-413b-0797-045005506a46,1
lamb liver (raw),ptfi,has_member,834f4132-7b63-4502-d458-6dc442371796,Azelaic acid (PTF52203),unresolved,unresolved,88eba554-4296-b9c6-07c4-fa461df78e70,c5ccb7859ba897097db7c36be0d43beb,39a1451d-96cb-9d3d-260d-c41316b1f53f,1
lamb small intestine (raw),ptfi,has_member,834f4132-7b63-4502-d458-6dc442371796,Azelaic acid (PTF52203),unresolved,unresolved,81e8307c-bd2f-6e4c-79e9-62af95734a00,e571b5e60364dffe663a3c2690a2d11c,503db9d5-6c12-1e3d-7fc9-dfd03d2f47ad,1
lamb tongue (raw),ptfi,has_member,834f4132-7b63-4502-d458-6dc442371796,Azelaic acid (PTF52203),unresolved,unresolved,e4df0a64-2bbd-a240-fb30-05fa2a466647,8b162461dde12e663dd6bb7341fefce1,df815e80-d57d-e166-f9d8-8cab744e266a,1
laver (dried),ptfi,has_member,834f4132-7b63-4502-d458-6dc442371796,Azelaic acid (PTF52203),unresolved,unresolved,f6b25923-088b-c014-c7c0-a1b62535a84e,d7702e8ee6571fa406f48a4886f40f87,50cbf19b-de45-8077-b346-a93af568fbe2,1
lingonberry (raw),ptfi,has_member,834f4132-7b63-4502-d458-6dc442371796,Azelaic acid (PTF52203),unresolved,unresolved,3543ba33-1adf-f865-f808-2ca55a05ee78,da92f25931defcfb8852880251ddf575,ca85bfe3-a0d1-0956-8bde-abbf8020f36f,1
"lobster meat (shell on, frozen)",ptfi,has_member,834f4132-7b63-4502-d458-6dc442371796,Azelaic acid (PTF52203),unresolved,unresolved,28defe69-64d0-1d78-3ffd-85bf3387f334,15038fe552e5cfdd7feef9ec6a052cc2,fd26a341-c5d3-7213-a441-a2d99bc91f7c,1
long grain brown rice kernel (uncooked),ptfi,has_member,834f4132-7b63-4502-d458-6dc442371796,Azelaic acid (PTF52203),unresolved,unresolved,c8456ba9-2a49-f6ab-1d61-ce090b316ef7,8196cd7ce993bd80c99418fc078010b3,16a40442-c968-c776-808c-a19a79a6db11,1
long-grain white rice (uncooked),ptfi,has_member,834f4132-7b63-4502-d458-6dc442371796,Azelaic acid (PTF52203),unresolved,unresolved,564e821e-8f5b-d67e-3750-22434c81122e,e7a00532ff21d38fb4ba130fd028e851,cc72d86a-04bd-5a21-09c0-7c0a7ff62209,1
marionberry (frozen),ptfi,has_member,834f4132-7b63-4502-d458-6dc442371796,Azelaic acid (PTF52203),unresolved,unresolved,9a2b7e0a-0d3b-9426-caf3-048b4f1f476d,669f32cc9f7f4e1099a350594e2cb2a7,8a59b678-d3bd-2927-1a14-cd96a3923943,1
mascarpone,ptfi,has_member,834f4132-7b63-4502-d458-6dc442371796,Azelaic acid (PTF52203),unresolved,unresolved,3fdfb79e-2299-44cc-837d-713073721ebe,a2912f4f9b4fd6b3fbb959d93620f774,361c316e-2977-a989-66ad-3003c340f377,1
millet flour,ptfi,has_member,834f4132-7b63-4502-d458-6dc442371796,Azelaic acid (PTF52203),unresolved,unresolved,a312b039-eba2-c5ea-c319-4c34090bd74c,d4c0f9ef3b8ad2ca79f1a601293a6069,84588a74-a64f-f49c-59aa-0d6e1e20f62a,1
mountain huckleberry (frozen),ptfi,has_member,834f4132-7b63-4502-d458-6dc442371796,Azelaic acid (PTF52203),unresolved,unresolved,0c0f8eb9-faa1-f3b5-04c5-41ceaa14bf80,1a5aa72f20d1b85756a87515840cdef5,337321ac-285c-77ed-83e8-a9167abdcc1f,1
mung bean sprout,ptfi,has_member,834f4132-7b63-4502-d458-6dc442371796,Azelaic acid (PTF52203),unresolved,unresolved,1d7325e3-3fb5-d187-14d8-d6d9539a9f00,2a3cbed1a027bb0b3e47067070a9ba98,7fd9ed58-6ad5-57d4-ae98-408d3ee56af6,1
oat flour,ptfi,has_member,834f4132-7b63-4502-d458-6dc442371796,Azelaic acid (PTF52203),unresolved,unresolved,f36f4ce7-df67-161a-7cba-9b119dad72d8,e230e40154614d6c366c614aeda04959,b413193d-51ce-3488-750f-cd5ee1a8e394,1
oat milk,ptfi,has_member,834f4132-7b63-4502-d458-6dc442371796,Azelaic acid (PTF52203),unresolved,unresolved,4d4bbc09-2610-eed7-c017-57221cfc266a,b2807d7424cbc54bd73e6285cc9203a1,8af92624-5f28-80e9-ad17-657a41926021,1
okra (raw),ptfi,has_member,834f4132-7b63-4502-d458-6dc442371796,Azelaic acid (PTF52203),unresolved,unresolved,1a5fe25e-73f9-ffa0-97af-df83617037fa,f6058b35fc2cc321e2b3b4291964322c,d2aec420-19e8-038d-03bc-9eea6717317a,1
pacific cod (raw),ptfi,has_member,834f4132-7b63-4502-d458-6dc442371796,Azelaic acid (PTF52203),unresolved,unresolved,cf1a8b74-5c02-ad5c-a77a-a8b711366cf3,30a584d8c5b362d9fa775122c3ed9446,29278d49-32f9-5145-c2a6-af8a60b6f1a3,1
paprika (ground),ptfi,has_member,834f4132-7b63-4502-d458-6dc442371796,Azelaic acid (PTF52203),unresolved,unresolved,de7d40ce-72b6-5747-291b-2865d048c20d,0ee07dfd76f271db59fa4548559e0469,0b643295-a0a2-4d63-d598-f33c9ee0bf23,1
parmesan cheese (block),ptfi,has_member,834f4132-7b63-4502-d458-6dc442371796,Azelaic acid (PTF52203),unresolved,unresolved,47d2eef0-4bd3-30bc-e576-f9f9d8a62bc5,3fb4d16f4cb4a60c65a0720e13773dbb,0e93c883-122a-5e28-d2b1-de0d9c2eb945,1
peanut (dried),ptfi,has_member,834f4132-7b63-4502-d458-6dc442371796,Azelaic acid (PTF52203),unresolved,unresolved,2f7c3e41-f359-7a7a-0f89-b1ba7cb94f52,8c1ba6be25dfa073c30f402d57f5d125,65215182-ecb4-d481-399b-e81c224b7ea9,1
piece of bison meat (raw),ptfi,has_member,834f4132-7b63-4502-d458-6dc442371796,Azelaic acid (PTF52203),unresolved,unresolved,61b193e5-23cc-6d4b-2003-23b1ebbac8db,89ecbd985b2764d9a584fc583952c333,ad6448b1-be37-c48e-954f-e6da5a3439ba,1
pink shrimp (raw),ptfi,has_member,834f4132-7b63-4502-d458-6dc442371796,Azelaic acid (PTF52203),unresolved,unresolved,02a94199-44ce-8d56-33b0-7bf487050ce1,11d52542d3543f2bcbe17d4e4aac0a62,52c737ca-09fe-8920-507c-a031f30e3d22,1
pinto bean (dried),ptfi,has_member,834f4132-7b63-4502-d458-6dc442371796,Azelaic acid (PTF52203),unresolved,unresolved,133e075d-7401-1c35-4353-5a3063e4662d,486690db97e8dd3990d964946875e7b2,79836bc0-e91e-b54b-e38b-d76f81f3dd68,1
pistachio nut (raw),ptfi,has_member,834f4132-7b63-4502-d458-6dc442371796,Azelaic acid (PTF52203),unresolved,unresolved,3f6da0b7-7393-689e-8bc7-7ce473205cc0,727648738d7438c7d96a146098cf3139,428f17ec-6073-14f5-4e9a-0d436f02f996,1
pomegranate aril (frozen),ptfi,has_member,834f4132-7b63-4502-d458-6dc442371796,Azelaic acid (PTF52203),unresolved,unresolved,09b00cd9-8d92-0bdc-9f44-63ffb4c2ae2b,b533acbefc04ec55fcb917731bd9a055,2bb6b631-e406-fd8c-7a8a-9efddf4b8958,1
portobello mushroom (raw),ptfi,has_member,834f4132-7b63-4502-d458-6dc442371796,Azelaic acid (PTF52203),unresolved,unresolved,ea7112d1-1185-a58f-76c9-0c8a67e5ae4a,04f575d614fb683c0567b12929d3a806,3981dbf3-62a8-84e4-0381-781f20dec74d,1
potato (raw),ptfi,has_member,834f4132-7b63-4502-d458-6dc442371796,Azelaic acid (PTF52203),unresolved,unresolved,520480f2-c655-0521-d8ab-76f6bdb41bc0,1166f7b5f276f02d81b38d8ebc719e85,fc3351f2-35d4-b570-9b53-0599e494bbed,1
pumpkin (canned),ptfi,has_member,834f4132-7b63-4502-d458-6dc442371796,Azelaic acid (PTF52203),unresolved,unresolved,b978af39-a738-872c-80b6-548a418ef3c2,03107a0b956473be8d30a3e695992168,3a7685ff-3785-262d-07df-5185a8814877,1
quinoa seed (dried),ptfi,has_member,834f4132-7b63-4502-d458-6dc442371796,Azelaic acid (PTF52203),unresolved,unresolved,fed75281-a757-bba3-c624-2a5382147794,5a3d3670629586cbe9f427982b74217b,1ba95c63-27ab-4153-2230-108b4e2bc0b5,1
red bell pepper (raw),ptfi,has_member,834f4132-7b63-4502-d458-6dc442371796,Azelaic acid (PTF52203),unresolved,unresolved,814f311d-224e-242f-87c6-212663901b93,8c2b841d4c03eb3abcb1515b1fbfbff8,e2b0451c-4814-1435-dcb3-a8f49482da78,1
red dragon fruit (raw),ptfi,has_member,834f4132-7b63-4502-d458-6dc442371796,Azelaic acid (PTF52203),unresolved,unresolved,18be37b1-8ae4-795e-012c-0675256aeb9a,2e635b4c1c1230de9171b4f469ac8397,91a8d414-473b-dc4c-c6fd-aca110bfb74e,1
red lentil (dried),ptfi,has_member,834f4132-7b63-4502-d458-6dc442371796,Azelaic acid (PTF52203),unresolved,unresolved,7d0794c0-b724-bf07-2681-30a9219e6c15,848084a31ae65cf751d54dd38b21e35a,5bf7c7c7-fba8-57ee-67e4-71a8fe85fb13,1
red raspberry (raw),ptfi,has_member,834f4132-7b63-4502-d458-6dc442371796,Azelaic acid (PTF52203),unresolved,unresolved,3cc4b9ed-3487-942b-0238-72a0de44e79d,90e76b9765242b69e65802ce1c54498b,315d720f-d481-553b-63f3-22c58a7a29d8,1
red variety sweet potato (raw),ptfi,has_member,834f4132-7b63-4502-d458-6dc442371796,Azelaic acid (PTF52203),unresolved,unresolved,f9f68214-695c-dd1a-33b9-89ae79474dc2,e6b6c9b825333f8a05b9ee62b3e9f741,26427d92-cd8d-b9aa-2e8d-30600649e445,1
rhubarb (frozen),ptfi,has_member,834f4132-7b63-4502-d458-6dc442371796,Azelaic acid (PTF52203),unresolved,unresolved,1c8063ce-ddb4-c9fb-a563-39e00891e263,3a24e0d63b5fff0852bf6e8b0844c622,fa5fce0e-891c-c2e4-f053-71bff13063f0,1
rockweed (dried),ptfi,has_member,834f4132-7b63-4502-d458-6dc442371796,Azelaic acid (PTF52203),unresolved,unresolved,fa5b79ee-a9e8-1771-706a-69d96210b650,c3732e829da3b6ad1ca362530d109765,133fd626-5709-c21e-c327-7554c620f45c,1
rolled oats,ptfi,has_member,834f4132-7b63-4502-d458-6dc442371796,Azelaic acid (PTF52203),unresolved,unresolved,653e3596-5737-ec41-b162-e871b6305eb8,abebf1af1821d9df1b0a50f99801a4d2,c72a4ecb-047b-a729-f215-68bd18bc18fd,1
romano cheese (pecorino-style),ptfi,has_member,834f4132-7b63-4502-d458-6dc442371796,Azelaic acid (PTF52203),unresolved,unresolved,9fae7e7b-593d-7e58-9d45-438c9eb91c78,bb28dcf7875b8e472dc9c224ea96b5b3,aed5c8c7-982c-d4d8-e9a2-f00e678500a6,1
rutabaga (raw),ptfi,has_member,834f4132-7b63-4502-d458-6dc442371796,Azelaic acid (PTF52203),unresolved,unresolved,03165d57-6db9-40f0-4620-a1ae4c8151ea,7aed9731128f656ad38dedf65cd2d016,ce30dbec-fd7b-b3c5-f44f-f0785a5b7f09,1
rye kernel (dried),ptfi,has_member,834f4132-7b63-4502-d458-6dc442371796,Azelaic acid (PTF52203),unresolved,unresolved,8ecbe6f1-e6d6-817b-2f82-5f16c754c28c,fe9e74875bc47d26b9bfda35c2fc2c95,107e657c-c175-aebd-39bd-8b782f034f21,1
scallop (raw),ptfi,has_member,834f4132-7b63-4502-d458-6dc442371796,Azelaic acid (PTF52203),unresolved,unresolved,21a42eb4-ed25-c905-1e7b-e9f87809ea7a,c92f644f06c8a001f309cd3d79b0419a,14ba2732-2bd1-895f-0110-31f081c31df7,1
sea lettuce (dried),ptfi,has_member,834f4132-7b63-4502-d458-6dc442371796,Azelaic acid (PTF52203),unresolved,unresolved,b590de97-a204-a5d9-99d2-3d4e931cc3ab,318d3fbd2320fd624f6a3617a8031d39,8a6b727f-0a3e-07d1-646a-5f5fbefae4d4,1
shiitake mushroom (raw),ptfi,has_member,834f4132-7b63-4502-d458-6dc442371796,Azelaic acid (PTF52203),unresolved,unresolved,5f864e6d-98ab-d50f-43ba-625ff841aa3b,1cf8982ba93c1d5ca3b8ac1912fd1582,5c8c0621-6c59-6540-41ae-c93298175ff1,1
"shrimp (peeled, deveined, raw)",ptfi,has_member,834f4132-7b63-4502-d458-6dc442371796,Azelaic acid (PTF52203),unresolved,unresolved,dc6e699f-cf19-d21c-300e-8e5a19fe8229,d2c0bb8023bef64f92ac671d8c978d26,dd08c6ff-4539-e29c-f1fd-79eee948a5e5,1
sorghum flour,ptfi,has_member,834f4132-7b63-4502-d458-6dc442371796,Azelaic acid (PTF52203),unresolved,unresolved,96d905e0-ead8-2993-cf8d-80361d698aac,41063351bb26f6f0fa89826d2475c8e2,6dedb5aa-1aff-aa4c-9b20-e05947dd4bd0,1
sour cream,ptfi,has_member,834f4132-7b63-4502-d458-6dc442371796,Azelaic acid (PTF52203),unresolved,unresolved,ff36f40f-190f-507f-ff06-ab73eceabe8f,a487d34aaa85130d62cdbe7e643690ad,4aca1104-22ca-62c1-2d5f-e8d481937f53,1
soybean milk,ptfi,has_member,834f4132-7b63-4502-d458-6dc442371796,Azelaic acid (PTF52203),unresolved,unresolved,888010df-f0a0-79e6-735b-8a66a3279bb8,19118d0917094e121c428a7e72c66b5d,c0508492-b5f6-92d0-641c-55c35e733ee3,1
spelt kernel (raw),ptfi,has_member,834f4132-7b63-4502-d458-6dc442371796,Azelaic acid (PTF52203),unresolved,unresolved,8f93060b-6479-9508-26d8-66c65b9c2918,b965790337d321558d9041327b159849,1ca249d0-e547-ebae-5c5b-b4f52abce9eb,1
star fruit (raw),ptfi,has_member,834f4132-7b63-4502-d458-6dc442371796,Azelaic acid (PTF52203),unresolved,unresolved,0a5ff44b-88bd-3cc1-ad73-2e20089db265,08987c336fb8a3625bf9ad04ce32350d,75a692ab-97fa-e7c2-458f-75edd37e2b51,1
steel cut oats,ptfi,has_member,834f4132-7b63-4502-d458-6dc442371796,Azelaic acid (PTF52203),unresolved,unresolved,0905e979-ec7c-daf0-b713-9d637382d489,d317261686e5874a1cece17a67aa8a9c,7337acc7-d789-07e4-1f35-afd31494ae38,1
sugar kelp (dried),ptfi,has_member,834f4132-7b63-4502-d458-6dc442371796,Azelaic acid (PTF52203),unresolved,unresolved,72b80150-0b6e-e485-47da-6a0c9087aaa7,53e55f02f0de0d32fa7f39f664fd6fa7,aad291b3-4bf2-8389-1c4b-f8eb8b278190,1
"sugar pea pod (edible, fresh)",ptfi,has_member,834f4132-7b63-4502-d458-6dc442371796,Azelaic acid (PTF52203),unresolved,unresolved,ce9a5cb7-acac-760a-00e8-98b926ecaf8e,1444cca285fdf63831839d5a7ebc7f06,6fb10f42-ab41-fae4-0a7c-d4235b399d2c,1
sumac berry (dried),ptfi,has_member,834f4132-7b63-4502-d458-6dc442371796,Azelaic acid (PTF52203),unresolved,unresolved,cd3e89b6-c188-2797-7670-16d7a737760c,da7efe8f3875708b5dcbd5d39698290c,3acf3c66-7724-3f20-fc22-2d84415e091c,1
sunflower seed oil,ptfi,has_member,834f4132-7b63-4502-d458-6dc442371796,Azelaic acid (PTF52203),unresolved,unresolved,37c9184e-41cc-7a10-1245-724633b3cd6f,5396e2da7fa8aa1629761b15c7e50c0e,7fceeb2e-b5b2-7718-0216-790b55363d9d,1
sweet cherry (frozen),ptfi,has_member,834f4132-7b63-4502-d458-6dc442371796,Azelaic acid (PTF52203),unresolved,unresolved,9c31b6a2-677d-3fbe-5eab-db32ea2a8521,9797ee6cdd8e23066427a2f99c748221,518468c9-a2ef-56ad-5d3a-81e729f2bf81,1
sweet corn kernel (raw),ptfi,has_member,834f4132-7b63-4502-d458-6dc442371796,Azelaic acid (PTF52203),unresolved,unresolved,c1a66414-f6f6-2f94-57b7-950a9ac12583,a8502963217ea4f64d9fda35be6208ea,87e49264-c202-84c4-6d86-eda49b72e806,1
sweet green pepper (raw),ptfi,has_member,834f4132-7b63-4502-d458-6dc442371796,Azelaic acid (PTF52203),unresolved,unresolved,9e53836b-5ac4-c34d-284e-f6beea774293,a72cf5a0b3803d451bd52ec2b049841c,6c5dff54-b2d5-271f-85a3-7771265ded34,1
tamarind pod (raw),ptfi,has_member,834f4132-7b63-4502-d458-6dc442371796,Azelaic acid (PTF52203),unresolved,unresolved,022025cd-8700-27b7-2363-901feb5043b2,f99569bcb905e4c3514fdd6d6f7066c2,be5c1340-32d6-5773-2386-9048fbb67c22,1
tempeh,ptfi,has_member,834f4132-7b63-4502-d458-6dc442371796,Azelaic acid (PTF52203),unresolved,unresolved,80eacc32-be27-2206-65c1-e62419384d34,8764837f5e37c968e61f9bda6c687c67,bb35b117-21ca-d329-2d5c-fa7d0260e791,1
tomato (raw),ptfi,has_member,834f4132-7b63-4502-d458-6dc442371796,Azelaic acid (PTF52203),unresolved,unresolved,e7bcd594-0327-4eac-fea6-f814cf03d88b,3a0a8a8beb9f01c90d5cc4e3d48a640a,bdf0aee7-ce7a-e565-8d96-fd22e15c34d6,1
trout fillet (raw),ptfi,has_member,834f4132-7b63-4502-d458-6dc442371796,Azelaic acid (PTF52203),unresolved,unresolved,dab02e7a-83f3-ce86-7f1a-2a5479e0fd1a,a110cbdfef6dafdfd903588c94f07a57,88265684-bda5-057c-e168-bc92158b42b1,1
watermelon (raw),ptfi,has_member,834f4132-7b63-4502-d458-6dc442371796,Azelaic acid (PTF52203),unresolved,unresolved,345850fd-7fc4-5395-189c-b24414736510,bf509749d10771d4ec0bdf89b08e67a7,65003ad5-ea48-95f0-645c-44cbc5721952,1
white grape,ptfi,has_member,834f4132-7b63-4502-d458-6dc442371796,Azelaic acid (PTF52203),unresolved,unresolved,394e1e98-4ddf-73c5-d509-accee2254bcd,5f7354f5b3bf3450944267fc4e0fbb93,8604e8e8-dcb3-4789-c49e-09178a1b9355,1
white wheat flour (all purpose),ptfi,has_member,834f4132-7b63-4502-d458-6dc442371796,Azelaic acid (PTF52203),unresolved,unresolved,8cc4b1d0-040d-245b-5608-2ccb586c2951,09c62d9430a6430725f0b270f388f74f,4d3b6258-5cdc-9ce3-99fe-9437c9f0e523,1
whole wheat flour,ptfi,has_member,834f4132-7b63-4502-d458-6dc442371796,Azelaic acid (PTF52203),unresolved,unresolved,20da70db-4d2c-cd71-5236-c0fce8bc4ceb,93402f7a8f6597a9b6d3745b1e50bec5,0e11be61-4535-d5aa-9c02-eadf2bab558e,1
"whole wheat kernel (raw, dried)",ptfi,has_member,834f4132-7b63-4502-d458-6dc442371796,Azelaic acid (PTF52203),unresolved,unresolved,eea67045-6648-8130-bf90-593502092137,1bd52a45463cb3a42634265731862e5e,7bf6ebb1-5af8-2224-adb3-821eeb159e89,1
wild boar meat (ground),ptfi,has_member,834f4132-7b63-4502-d458-6dc442371796,Azelaic acid (PTF52203),unresolved,unresolved,14132bf7-a3e9-207f-1f3a-cd5ed77ba81e,8fdf4cf01bc5cfeaa00ecbf32d468140,d1af940b-7cc4-6309-c6bc-485a329b7175,1
wild rice kernel,ptfi,has_member,834f4132-7b63-4502-d458-6dc442371796,Azelaic acid (PTF52203),unresolved,unresolved,04901d27-0e5d-6e14-fbc8-d84de306078a,b0a166b8898af2ff7da8088f97b2498f,4af329d4-84b0-c1b4-e3b0-c3572ea379c3,1
yellow cornmeal,ptfi,has_member,834f4132-7b63-4502-d458-6dc442371796,Azelaic acid (PTF52203),unresolved,unresolved,a66dcc1d-f372-89c4-6949-ed44b0f6e7bb,6c9c8aae7961634d758710a7f4145b82,2a2f96b2-83f5-75b1-9762-70b4b9314c02,1
zucchini squash (raw),ptfi,has_member,834f4132-7b63-4502-d458-6dc442371796,Azelaic acid (PTF52203),unresolved,unresolved,1da43005-25ce-52a7-f9a4-449be731825b,271a0fd1de7bd033eeec5adbc61d0db6,1da87221-e90c-d539-7bf7-853b030ab204,1
