query_entity_label,entity_resolution_status,query_entity_pk,interaction_type,relation_category,sources,source_count,seed_role,partner_label,partner_entity_type,partner_canonical_identifier,evidence_count,subject_label,predicate,object_label,relation_pk
Azelate,resolved,dae8e667-770c-5d34-a381-8fd25179bc58,interacts_with,interaction,chembl,1,subject,4'-phosphopantetheinyl transferase ffp,Protein:MI:0326,Q9F4F7,1,azelaic acid,interacts_with,4'-phosphopantetheinyl transferase ffp,cea0c943-e50f-d5b8-f32c-5a494d4a9134
Azelate,resolved,dae8e667-770c-5d34-a381-8fd25179bc58,interacts_with,interaction,chembl,1,subject,"ADCYAP1R1, PAC1, PAC1R, PACAPR, PACAPRI...",Protein:MI:0326,P16473,2,azelaic acid,interacts_with,"ADCYAP1R1, PAC1, PAC1R, PACAPR, PACAPRI...",b7c9ced9-8258-969c-04bd-acec43088c6b
Azelate,resolved,dae8e667-770c-5d34-a381-8fd25179bc58,interacts_with,interaction,chembl,1,subject,Ferritin light chain,Protein:MI:0326,P02791,1,azelaic acid,interacts_with,Ferritin light chain,17d3721e-3e56-2d93-7583-3d9ed63b1f02
Azelate,resolved,dae8e667-770c-5d34-a381-8fd25179bc58,interacts_with,interaction,chembl,1,subject,LMNA,Protein:MI:0326,P02545,2,azelaic acid,interacts_with,LMNA,50986927-7d63-c0d1-09e3-c7916875b474
Azelate,resolved,dae8e667-770c-5d34-a381-8fd25179bc58,interacts_with,interaction,chembl,1,subject,NF-kappa-B,Protein:MI:0326,P19838,2,azelaic acid,interacts_with,NF-kappa-B,7e5614f0-4994-21b2-5252-20ec4748083f
Azelate,resolved,dae8e667-770c-5d34-a381-8fd25179bc58,interacts_with,interaction,drugcentral,1,subject,3-oxo-5-alpha-steroid 4-dehydrogenase 2,Protein:MI:0326,P31213,1,azelaic acid,interacts_with,3-oxo-5-alpha-steroid 4-dehydrogenase 2,edeaa582-2e18-c338-b5fe-6dc7ff7bb1fe
Azelate,resolved,dae8e667-770c-5d34-a381-8fd25179bc58,has_member,association,foodb,1,object,Asparagus,Food:OM:0020,0f8b579ee55744f3985b96d39b1029eb,1,Asparagus,has_member,azelaic acid,82df4376-2104-a97d-1ac2-243bc1012a55
Azelate,resolved,dae8e667-770c-5d34-a381-8fd25179bc58,has_member,association,foodb,1,object,Common bean,Food:OM:0020,80827ca79bba1ac34655aeedfa8f509b,1,Common bean,has_member,azelaic acid,3f1526d3-524b-663c-86ef-c8a404301b55
Azelate,resolved,dae8e667-770c-5d34-a381-8fd25179bc58,has_member,association,foodb,1,object,Potato,Food:OM:0020,354e1ea00837da47cbcd625fd66c84ea,1,Potato,has_member,azelaic acid,2bb86317-e75a-2306-cca1-5d3e214813b5
Azelate,resolved,dae8e667-770c-5d34-a381-8fd25179bc58,associated_with,association,hmdb,1,object,Carbonyl compounds,Cv Term:OM:0012,CHEMONTID:0001831,1,Carbonyl compounds,associated_with,azelaic acid,a3786faa-d5a2-ce10-e8c5-51a0c688c616
Azelate,resolved,dae8e667-770c-5d34-a381-8fd25179bc58,associated_with,association,hmdb,1,object,Carboxylic acids,Cv Term:OM:0012,CHEMONTID:0001205,1,Carboxylic acids,associated_with,azelaic acid,bfe5d82d-8eca-bd02-4759-a138d81026da
Azelate,resolved,dae8e667-770c-5d34-a381-8fd25179bc58,associated_with,association,hmdb,1,object,Dicarboxylic acids and derivatives,Cv Term:OM:0012,CHEMONTID:0000346,1,Dicarboxylic acids and derivatives,associated_with,azelaic acid,0e0be29b-8798-6501-2660-238d0fc4dd1e
Azelate,resolved,dae8e667-770c-5d34-a381-8fd25179bc58,associated_with,association,hmdb,1,object,Fatty acids and conjugates,Cv Term:OM:0012,CHEMONTID:0000262,1,Fatty acids and conjugates,associated_with,azelaic acid,4dafa330-5ffe-f37a-6df1-181311cef15d
Azelate,resolved,dae8e667-770c-5d34-a381-8fd25179bc58,associated_with,association,hmdb,1,object,Hydrocarbon derivatives,Cv Term:OM:0012,CHEMONTID:0004150,1,Hydrocarbon derivatives,associated_with,azelaic acid,2d256d14-c8b8-5020-cb76-6e79f1777709
Azelate,resolved,dae8e667-770c-5d34-a381-8fd25179bc58,associated_with,association,hmdb,1,object,Medium-chain fatty acids,Cv Term:OM:0012,CHEMONTID:0003086,1,Medium-chain fatty acids,associated_with,azelaic acid,3910fca7-8d5c-c682-5ce1-ae128b5d6031
Azelate,resolved,dae8e667-770c-5d34-a381-8fd25179bc58,associated_with,association,hmdb,1,object,Organic oxides,Cv Term:OM:0012,CHEMONTID:0003940,1,Organic oxides,associated_with,azelaic acid,325a4e42-eb4a-b5e6-356c-909b1a217f00
Azelate,resolved,dae8e667-770c-5d34-a381-8fd25179bc58,associated_with,association,macdb,1,object,Acinar Cell Adenocarcinoma (ACA),Cv Term:OM:0012,1,1,Acinar Cell Adenocarcinoma (ACA),associated_with,azelaic acid,afa1644f-47b6-9ed6-5d8b-e3221e577ecd
Azelate,resolved,dae8e667-770c-5d34-a381-8fd25179bc58,associated_with,association,macdb,1,object,Adenocarcinoma (AC),Cv Term:OM:0012,2,6,Adenocarcinoma (AC),associated_with,azelaic acid,a1820c78-aa4c-2640-11fc-849afc6bed97
Azelate,resolved,dae8e667-770c-5d34-a381-8fd25179bc58,associated_with,association,macdb,1,object,Breast Cancer Recurrence,Cv Term:OM:0012,34,2,Breast Cancer Recurrence,associated_with,azelaic acid,ce3a2076-f252-b49c-db5d-2af60462d3c9
Azelate,resolved,dae8e667-770c-5d34-a381-8fd25179bc58,associated_with,association,macdb,1,object,Clear Cell Renal Cell Carcinoma (ccRCC),Cv Term:OM:0012,43,1,Clear Cell Renal Cell Carcinoma (ccRCC),associated_with,azelaic acid,50e2b811-7663-04e6-150e-94855a8976a3
Azelate,resolved,dae8e667-770c-5d34-a381-8fd25179bc58,associated_with,association,macdb,1,object,Clear Cell Renal Cell Carcinoma (ccRCC) Stage,Cv Term:OM:0012,44,1,Clear Cell Renal Cell Carcinoma (ccRCC) Stage,associated_with,azelaic acid,fa9a2c94-fdde-3cc0-7ba1-92548aab6a1a
Azelate,resolved,dae8e667-770c-5d34-a381-8fd25179bc58,associated_with,association,macdb,1,object,Clear Cell Renal Cell Carcinoma (ccRCC) metastasis,Cv Term:OM:0012,39,1,Clear Cell Renal Cell Carcinoma (ccRCC) metastasis,associated_with,azelaic acid,d6e47bb9-1c53-6588-7d35-ccd058241a65
Azelate,resolved,dae8e667-770c-5d34-a381-8fd25179bc58,associated_with,association,macdb,1,object,Colorectal Cancer (CRC),Cv Term:OM:0012,46,4,Colorectal Cancer (CRC),associated_with,azelaic acid,19008c4a-0db7-7493-c5b5-31fc73bf55d2
Azelate,resolved,dae8e667-770c-5d34-a381-8fd25179bc58,associated_with,association,macdb,1,object,Colorectal Cancer (CRC) Operation,Cv Term:OM:0012,49,18,Colorectal Cancer (CRC) Operation,associated_with,azelaic acid,43c21165-83c1-ddeb-d2f5-8068b7c61dd1
Azelate,resolved,dae8e667-770c-5d34-a381-8fd25179bc58,associated_with,association,macdb,1,object,Colorectal Cancer (CRC) stage,Cv Term:OM:0012,52,3,Colorectal Cancer (CRC) stage,associated_with,azelaic acid,b4ea4536-efc7-cde8-6613-f7c4575aea57
Azelate,resolved,dae8e667-770c-5d34-a381-8fd25179bc58,associated_with,association,macdb,1,object,Cutaneous T-Cell Lymphoma,Cv Term:OM:0012,237,2,Cutaneous T-Cell Lymphoma,associated_with,azelaic acid,192887ac-1b94-be76-7ae2-85d8ce170922
Azelate,resolved,dae8e667-770c-5d34-a381-8fd25179bc58,associated_with,association,macdb,1,object,Hepatocellular Carcinoma,Cv Term:OM:0012,91,1,Hepatocellular Carcinoma,associated_with,azelaic acid,508473f0-91e8-3fba-b2f8-e260a9295714
Azelate,resolved,dae8e667-770c-5d34-a381-8fd25179bc58,associated_with,association,macdb,1,object,Lung Cancer(LC),Cv Term:OM:0012,113,5,Lung Cancer(LC),associated_with,azelaic acid,abf1388e-2cf9-5c55-969c-762a36bbeb6b
Azelate,resolved,dae8e667-770c-5d34-a381-8fd25179bc58,associated_with,association,macdb,1,object,Lung Cancer(LC)  with emphysema(E),Cv Term:OM:0012,215,1,Lung Cancer(LC)  with emphysema(E),associated_with,azelaic acid,5e961ab5-98e8-fa38-d3e5-7db84f9b0c4b
Azelate,resolved,dae8e667-770c-5d34-a381-8fd25179bc58,associated_with,association,macdb,1,object,Lung Cancer(LC) with Chronic obstructive pulmonary disease (COPD),Cv Term:OM:0012,115,1,Lung Cancer(LC) with Chronic obstructive pulmonary disease (COPD),associated_with,azelaic acid,903052bb-050e-deed-6353-eaab98cba7aa
Azelate,resolved,dae8e667-770c-5d34-a381-8fd25179bc58,associated_with,association,macdb,1,object,Non-Small Cell Lung Cancer (NSCLC),Cv Term:OM:0012,145,1,Non-Small Cell Lung Cancer (NSCLC),associated_with,azelaic acid,c1bdd2cc-84cd-2100-7da5-11e222112802
Azelate,resolved,dae8e667-770c-5d34-a381-8fd25179bc58,associated_with,association,macdb,1,object,Non–Small Cell Carcinoma,Cv Term:OM:0012,144,1,Non–Small Cell Carcinoma,associated_with,azelaic acid,a9e8b4bc-d075-095a-b5dd-882fa561f9f2
Azelate,resolved,dae8e667-770c-5d34-a381-8fd25179bc58,associated_with,association,macdb,1,object,Ovarian Cancer,Cv Term:OM:0012,153,1,Ovarian Cancer,associated_with,azelaic acid,4eca895b-b7c6-17ca-45d8-a18772becc0f
Azelate,resolved,dae8e667-770c-5d34-a381-8fd25179bc58,associated_with,association,macdb,1,object,Papillary Thyroid Cancer,Cv Term:OM:0012,270,1,Papillary Thyroid Cancer,associated_with,azelaic acid,5f3e331e-4457-8b3a-f585-045962a0cfb9
Azelate,resolved,dae8e667-770c-5d34-a381-8fd25179bc58,associated_with,association,macdb,1,object,Prostate Cancer (Pca),Cv Term:OM:0012,170,2,Prostate Cancer (Pca),associated_with,azelaic acid,7fd57a5b-a077-b3fa-5a47-0e17c255c7d0
Azelate,resolved,dae8e667-770c-5d34-a381-8fd25179bc58,associated_with,association,macdb,1,object,Squamous Cell Carcinoma (SCC),Cv Term:OM:0012,121,1,Squamous Cell Carcinoma (SCC),associated_with,azelaic acid,0200dfd8-7375-40a2-9f69-01ab1b92bddd
Azelate,resolved,dae8e667-770c-5d34-a381-8fd25179bc58,has_participant,association,metatlas,1,object,4abebd2ada10598dcae04ff6a50f9362305d4e35a3c7b9ed4055582d4f82ccf0,Reaction:OM:0015,4abebd2ada10598dcae04ff6a50f9362305d4e35a3c7b9ed4055582d4f82ccf0,2,4abebd2ada10598dcae04ff6a50f9362305d4e35a3c7b9ed4055582d4f82ccf0,has_participant,azelaic acid,81431669-9073-ee94-cfb9-dbd24e9bd615
Azelate,resolved,dae8e667-770c-5d34-a381-8fd25179bc58,has_participant,association,metatlas,1,object,819ff94dd91d27dc9786584783e681a3f4410c69f72b656c86125d7c1c284c53,Reaction:OM:0015,819ff94dd91d27dc9786584783e681a3f4410c69f72b656c86125d7c1c284c53,2,819ff94dd91d27dc9786584783e681a3f4410c69f72b656c86125d7c1c284c53,has_participant,azelaic acid,464510b7-a69d-626f-a527-af0614c374d2
Azelate,resolved,dae8e667-770c-5d34-a381-8fd25179bc58,has_participant,association,metatlas,1,object,"Transport of Azelaic Acid (C08261, Azelate), Extracellular",Transport:OM:0035,d2d0c2e461f2df1c81dc1aa34ab4fd00,2,"Transport of Azelaic Acid (C08261, Azelate), Extracellular",has_participant,azelaic acid,e18177b1-8f9d-d919-4466-cd94ae4e93a2
Azelate,resolved,dae8e667-770c-5d34-a381-8fd25179bc58,transforms_to,interaction,metatlas,1,subject_and_object,azelaic acid,Chemical:OM:0037,BDJRBEYXGGNYIS-UHFFFAOYSA-N,1,azelaic acid,transforms_to,azelaic acid,f78b082f-4c97-7af3-75b9-14fca7d173a6
Azelate,resolved,dae8e667-770c-5d34-a381-8fd25179bc58,associated_with,association,pfocr,1,object,A working hypothesis of the association between critical metabolites across the mammary gland for milk synthesis,Cv Term:OM:0012,4244f485da0af06b16b44afb4ec7f85e,1,A working hypothesis of the association between critical metabolites across the mammary gland for milk synthesis,associated_with,azelaic acid,a9829500-a5c6-2c65-cee9-9a1534cb1628
Azelate,resolved,dae8e667-770c-5d34-a381-8fd25179bc58,associated_with,association,pfocr,1,object,Azelaic Acid: A Bio-Based Building Block for Biodegradable Polymers,Cv Term:OM:0012,29d5b7bdbcc61e52325ec1ce5bba5a39,1,Azelaic Acid: A Bio-Based Building Block for Biodegradable Polymers,associated_with,azelaic acid,5fa2a1c6-baf2-c462-50de-5fdb94a66a0e
Azelate,resolved,dae8e667-770c-5d34-a381-8fd25179bc58,associated_with,association,pfocr,1,object,Combined network analysis of metabolites and lipids,Cv Term:OM:0012,1f64b67f1ccff8a1f739988c094903be,1,Combined network analysis of metabolites and lipids,associated_with,azelaic acid,49c4d90b-f335-4266-8f78-7e8d891e99cd
Azelate,resolved,dae8e667-770c-5d34-a381-8fd25179bc58,associated_with,association,pfocr,1,object,Comparative Metagenomics and Metabolomes Reveals Abnormal Metabolism Activity Is Associated with Gut Microbiota in Alzheimer’s Disease Mice,Cv Term:OM:0012,7e90982ac9299b349db09975aad4c196,1,Comparative Metagenomics and Metabolomes Reveals Abnormal Metabolism Activity Is Associated with Gut Microbiota in Alzheimer’s Disease Mice,associated_with,azelaic acid,6bf9af80-6df6-b74b-e5e2-10e2e2b45f27
Azelate,resolved,dae8e667-770c-5d34-a381-8fd25179bc58,associated_with,association,pfocr,1,object,Metabolic pathways and relative levels of metabolites in cucumbers from two different soils,Cv Term:OM:0012,a5f1c58a660c939f81091dc61984b901,1,Metabolic pathways and relative levels of metabolites in cucumbers from two different soils,associated_with,azelaic acid,a6061b1a-3978-9c17-1724-e2498e5b99fa
Azelate,resolved,dae8e667-770c-5d34-a381-8fd25179bc58,associated_with,association,pfocr,1,object,Selected features and functions,Cv Term:OM:0012,6afbe51ff412d7cb160ca4693fc6d3ac,1,Selected features and functions,associated_with,azelaic acid,c9ae4ba4-a8dd-104c-2ccd-c647ccc82d99
Azelate,resolved,dae8e667-770c-5d34-a381-8fd25179bc58,interacts_with,interaction,stitch,1,subject,3-oxo-5-beta-steroid 4-dehydrogenase,Protein:MI:0326,P51857,1,azelaic acid,interacts_with,3-oxo-5-beta-steroid 4-dehydrogenase,274bfc27-15a0-4857-87dc-2ab3f1ac6a3f
Azelate,resolved,dae8e667-770c-5d34-a381-8fd25179bc58,interacts_with,interaction,stitch,1,subject,TYR,Protein:MI:0326,P14679,1,azelaic acid,interacts_with,TYR,0d63cdf6-80ce-5dbd-177d-ecd6057f13c2
Azelate,resolved,dae8e667-770c-5d34-a381-8fd25179bc58,interacts_with,interaction,stitch,1,subject,Tyr,Protein:MI:0326,P11344,2,azelaic acid,interacts_with,Tyr,2ffc1317-8398-c6a4-a097-2a1dc962668e
Azelate,resolved,dae8e667-770c-5d34-a381-8fd25179bc58,negatively_regulates,interaction,stitch,1,subject,3-oxo-5-beta-steroid 4-dehydrogenase,Protein:MI:0326,P51857,1,azelaic acid,negatively_regulates,3-oxo-5-beta-steroid 4-dehydrogenase,bd17e01d-91e5-390c-2d79-d711ee157899
Azelate,resolved,dae8e667-770c-5d34-a381-8fd25179bc58,negatively_regulates,interaction,stitch,1,subject,TYR,Protein:MI:0326,P14679,1,azelaic acid,negatively_regulates,TYR,0b9881de-9cbb-755c-ebef-90e92970858d
Azelaic acid (PTF52203),unresolved,834f4132-7b63-4502-d458-6dc442371796,has_member,association,ptfi,1,object,Monterey Jack cheese flavoured with chili flakes,Food:OM:0020,db951d82faf2cbf38c7981d7b0119ac9,1,Monterey Jack cheese flavoured with chili flakes,has_member,Azelaic acid (PTF52203),9c38cffd-9096-b0f6-8718-1f613fb02761
Azelaic acid (PTF52203),unresolved,834f4132-7b63-4502-d458-6dc442371796,has_member,association,ptfi,1,object,alaria (dried),Food:OM:0020,5cd162172669b7489fe1dca3482de3ec,1,alaria (dried),has_member,Azelaic acid (PTF52203),5583dcfa-ae4f-de04-4aca-a9c8c10dee66
Azelaic acid (PTF52203),unresolved,834f4132-7b63-4502-d458-6dc442371796,has_member,association,ptfi,1,object,almond kernel (raw),Food:OM:0020,344f96c8c19ff52ab8201a8c46eac490,1,almond kernel (raw),has_member,Azelaic acid (PTF52203),3e1cd18a-e97f-c1a0-c202-58849dad1c81
Azelaic acid (PTF52203),unresolved,834f4132-7b63-4502-d458-6dc442371796,has_member,association,ptfi,1,object,almond milk,Food:OM:0020,cce588db680d27a34cc14d9e9f895d3d,1,almond milk,has_member,Azelaic acid (PTF52203),52ac4f67-4127-062a-d74e-3174aec34d85
Azelaic acid (PTF52203),unresolved,834f4132-7b63-4502-d458-6dc442371796,has_member,association,ptfi,1,object,apricot (dried),Food:OM:0020,864c9a0505974d62f1ccc8e1d027cad6,1,apricot (dried),has_member,Azelaic acid (PTF52203),1a5c22cb-cb03-336b-d76b-82cb38b59370
Azelaic acid (PTF52203),unresolved,834f4132-7b63-4502-d458-6dc442371796,has_member,association,ptfi,1,object,artichoke head (raw),Food:OM:0020,cec5538878356662113480e372e27ef0,1,artichoke head (raw),has_member,Azelaic acid (PTF52203),43fc6385-a2bc-24f7-d0f0-0e8e932a60a3
Azelaic acid (PTF52203),unresolved,834f4132-7b63-4502-d458-6dc442371796,has_member,association,ptfi,1,object,asparagus spear (raw),Food:OM:0020,e80523afdb6ce93ad501e0308f6f7237,1,asparagus spear (raw),has_member,Azelaic acid (PTF52203),6167b4c3-c79d-1086-d04e-0bb4b9708213
Azelaic acid (PTF52203),unresolved,834f4132-7b63-4502-d458-6dc442371796,has_member,association,ptfi,1,object,bee pollen,Food:OM:0020,8292518808966d137d00889e4b838673,1,bee pollen,has_member,Azelaic acid (PTF52203),7864e6e0-74a7-d6c8-807d-0b4b1c7a3362
Azelaic acid (PTF52203),unresolved,834f4132-7b63-4502-d458-6dc442371796,has_member,association,ptfi,1,object,beef heart (raw),Food:OM:0020,d056945bf772ccb51f516a775512c338,1,beef heart (raw),has_member,Azelaic acid (PTF52203),2246da4e-467c-34ff-6bc6-20fb52ef829a
Azelaic acid (PTF52203),unresolved,834f4132-7b63-4502-d458-6dc442371796,has_member,association,ptfi,1,object,beef liver (raw),Food:OM:0020,28f38a30e4aff47acdc24ece965830ca,1,beef liver (raw),has_member,Azelaic acid (PTF52203),8ed5fa7c-a7eb-e76e-c2a7-9450d73b7f6b
Azelaic acid (PTF52203),unresolved,834f4132-7b63-4502-d458-6dc442371796,has_member,association,ptfi,1,object,"beef rib (prime grade, raw)",Food:OM:0020,0311c479d739d50dafe4982b6e122877,1,"beef rib (prime grade, raw)",has_member,Azelaic acid (PTF52203),e8aa73a4-e2db-71ca-a660-d8f602d14620
Azelaic acid (PTF52203),unresolved,834f4132-7b63-4502-d458-6dc442371796,has_member,association,ptfi,1,object,bilberry (dried),Food:OM:0020,e17183d8dad3807bb4587eba784740b9,1,bilberry (dried),has_member,Azelaic acid (PTF52203),d4b3186c-fb1f-474e-d4bf-8a9f75af5788
Azelaic acid (PTF52203),unresolved,834f4132-7b63-4502-d458-6dc442371796,has_member,association,ptfi,1,object,black olive (canned),Food:OM:0020,a006d8d3ec748ad438e421516b515493,1,black olive (canned),has_member,Azelaic acid (PTF52203),39d7ad46-f57b-9874-de47-2b5fa4486641
Azelaic acid (PTF52203),unresolved,834f4132-7b63-4502-d458-6dc442371796,has_member,association,ptfi,1,object,black turtle bean (dried),Food:OM:0020,663fdb46c6e7f49b773a7e20ed39a127,1,black turtle bean (dried),has_member,Azelaic acid (PTF52203),cb724059-0278-5d80-18a8-e65850b12336
Azelaic acid (PTF52203),unresolved,834f4132-7b63-4502-d458-6dc442371796,has_member,association,ptfi,1,object,black walnut (raw),Food:OM:0020,cf9f7df77bc80d06eda994409b672457,1,black walnut (raw),has_member,Azelaic acid (PTF52203),62ebe719-e389-cf40-d2f4-8f1bc414b887
Azelaic acid (PTF52203),unresolved,834f4132-7b63-4502-d458-6dc442371796,has_member,association,ptfi,1,object,blackeyed pea (raw),Food:OM:0020,8ce60060cf946d791a55d34a4ace7569,1,blackeyed pea (raw),has_member,Azelaic acid (PTF52203),5b9275cc-be1f-d58f-7ae2-49b83a1e661c
Azelaic acid (PTF52203),unresolved,834f4132-7b63-4502-d458-6dc442371796,has_member,association,ptfi,1,object,bok choy rosette,Food:OM:0020,5ac3e4f066356614c96516d57054d6d3,1,bok choy rosette,has_member,Azelaic acid (PTF52203),70108c84-5f8c-51f2-7a72-778fc3d85ea1
Azelaic acid (PTF52203),unresolved,834f4132-7b63-4502-d458-6dc442371796,has_member,association,ptfi,1,object,boysenberry (frozen),Food:OM:0020,6693def98dc00fa4b6c070231ac21f84,1,boysenberry (frozen),has_member,Azelaic acid (PTF52203),ae604e30-456e-7554-21b8-276656dc9c71
Azelaic acid (PTF52203),unresolved,834f4132-7b63-4502-d458-6dc442371796,has_member,association,ptfi,1,object,brown lentil (dried),Food:OM:0020,9501595cf55cd1be167e3bb49f007adf,1,brown lentil (dried),has_member,Azelaic acid (PTF52203),02700d8c-607a-2e58-4542-8ef4bdbd1e91
Azelaic acid (PTF52203),unresolved,834f4132-7b63-4502-d458-6dc442371796,has_member,association,ptfi,1,object,brown mushroom (raw),Food:OM:0020,598ddcfd1f6bfb06c1f79f1e1cbe79f7,1,brown mushroom (raw),has_member,Azelaic acid (PTF52203),9c20d7f6-d781-2139-5b52-7c39cd4f0558
Azelaic acid (PTF52203),unresolved,834f4132-7b63-4502-d458-6dc442371796,has_member,association,ptfi,1,object,buckwheat flour,Food:OM:0020,3b293d832d39f845be02b987a8ad2da3,1,buckwheat flour,has_member,Azelaic acid (PTF52203),336a8c40-1ff4-fdc4-b8f8-47ef547f2406
Azelaic acid (PTF52203),unresolved,834f4132-7b63-4502-d458-6dc442371796,has_member,association,ptfi,1,object,butter (unsalted),Food:OM:0020,bc5fa730bd527ab397a9d48e6e0d5f4a,1,butter (unsalted),has_member,Azelaic acid (PTF52203),0d00e5ea-b76d-a5fa-b6de-3268e44e4c33
Azelaic acid (PTF52203),unresolved,834f4132-7b63-4502-d458-6dc442371796,has_member,association,ptfi,1,object,california blackberry (frozen),Food:OM:0020,0221527cf67755aa68945fef4cdb05ba,1,california blackberry (frozen),has_member,Azelaic acid (PTF52203),7d20a5a2-2d24-7eb2-939e-cb1768e6a13e
Azelaic acid (PTF52203),unresolved,834f4132-7b63-4502-d458-6dc442371796,has_member,association,ptfi,1,object,canary bean (raw),Food:OM:0020,6356ea18a2e816dbcfed5e85390b6240,1,canary bean (raw),has_member,Azelaic acid (PTF52203),45f94642-7676-c717-a21a-88db3e4b6762
Azelaic acid (PTF52203),unresolved,834f4132-7b63-4502-d458-6dc442371796,has_member,association,ptfi,1,object,carrot root (peeled),Food:OM:0020,048d4ab423cc7d795d9b17e262af009a,1,carrot root (peeled),has_member,Azelaic acid (PTF52203),6f1645ab-d9e2-7729-e3e3-9e4cbdbadb81
Azelaic acid (PTF52203),unresolved,834f4132-7b63-4502-d458-6dc442371796,has_member,association,ptfi,1,object,celery heart (raw),Food:OM:0020,a1a75fdf628ee18bd782c573a54ee002,1,celery heart (raw),has_member,Azelaic acid (PTF52203),9c4ca5d9-b2ab-4b26-b429-291ef59a7b0a
Azelaic acid (PTF52203),unresolved,834f4132-7b63-4502-d458-6dc442371796,has_member,association,ptfi,1,object,celtuce stem (raw),Food:OM:0020,e0571c9e31032fe2e149c70b3b791ef8,1,celtuce stem (raw),has_member,Azelaic acid (PTF52203),2b3e9caa-8283-8102-086b-6d5f11ebb218
Azelaic acid (PTF52203),unresolved,834f4132-7b63-4502-d458-6dc442371796,has_member,association,ptfi,1,object,cheddar cheese (mild),Food:OM:0020,fa1347c79d6d9950808b29cd765d6f49,1,cheddar cheese (mild),has_member,Azelaic acid (PTF52203),b3a9ede2-b9bf-c7a8-1aa2-955ddf3045b7
Azelaic acid (PTF52203),unresolved,834f4132-7b63-4502-d458-6dc442371796,has_member,association,ptfi,1,object,chestnut (raw),Food:OM:0020,c11c6d6445ccc4d795b85f338d44f39e,1,chestnut (raw),has_member,Azelaic acid (PTF52203),831cf3ff-e62f-9472-44c1-77e5120e1233
Azelaic acid (PTF52203),unresolved,834f4132-7b63-4502-d458-6dc442371796,has_member,association,ptfi,1,object,chicken breast (raw),Food:OM:0020,21cb04538c1141313edb4bf3be619804,1,chicken breast (raw),has_member,Azelaic acid (PTF52203),83332143-ac1e-ba92-bd7f-9664240117ce
Azelaic acid (PTF52203),unresolved,834f4132-7b63-4502-d458-6dc442371796,has_member,association,ptfi,1,object,chicken egg,Food:OM:0020,3071a4b83ddf41ca8a623f82dd1af0c5,1,chicken egg,has_member,Azelaic acid (PTF52203),c715fa9e-4705-3fdd-ef47-080eb191ed36
Azelaic acid (PTF52203),unresolved,834f4132-7b63-4502-d458-6dc442371796,has_member,association,ptfi,1,object,chokeberry (frozen),Food:OM:0020,6a348594605e3d45bcdfd017903f3fc3,1,chokeberry (frozen),has_member,Azelaic acid (PTF52203),efcdb943-c9a3-f2cc-15c7-b4a4871c6c95
Azelaic acid (PTF52203),unresolved,834f4132-7b63-4502-d458-6dc442371796,has_member,association,ptfi,1,object,cinnamon (ground),Food:OM:0020,651f2acbc54700ddad32b0966557341d,1,cinnamon (ground),has_member,Azelaic acid (PTF52203),4f91fe4a-be06-aa92-6703-724e6738bdb8
Azelaic acid (PTF52203),unresolved,834f4132-7b63-4502-d458-6dc442371796,has_member,association,ptfi,1,object,cowpea (raw),Food:OM:0020,0ab1e4f18346cddd209c609a1425d04d,1,cowpea (raw),has_member,Azelaic acid (PTF52203),4f5ea749-e262-00a8-4378-2075d82bc1f6
Azelaic acid (PTF52203),unresolved,834f4132-7b63-4502-d458-6dc442371796,has_member,association,ptfi,1,object,cricket powder,Food:OM:0020,6b37cf0e380eec406011187bed96c002,1,cricket powder,has_member,Azelaic acid (PTF52203),92f093d7-c697-2a2c-3e7c-bff128721584
Azelaic acid (PTF52203),unresolved,834f4132-7b63-4502-d458-6dc442371796,has_member,association,ptfi,1,object,cucumber (raw),Food:OM:0020,bdf9a6f29fd1fbdaf8f4d020336462ce,1,cucumber (raw),has_member,Azelaic acid (PTF52203),9dd63e5b-89ba-5445-8911-e39bbe56d8ce
Azelaic acid (PTF52203),unresolved,834f4132-7b63-4502-d458-6dc442371796,has_member,association,ptfi,1,object,delicata squash,Food:OM:0020,576d944b162b86048fcd532d2388b07b,1,delicata squash,has_member,Azelaic acid (PTF52203),e544cf1c-32a5-d4ec-002d-3bd91f5c45d1
Azelaic acid (PTF52203),unresolved,834f4132-7b63-4502-d458-6dc442371796,has_member,association,ptfi,1,object,dogwood berry (raw),Food:OM:0020,3afc7615990ab9f0e098b9c0d8976bf7,1,dogwood berry (raw),has_member,Azelaic acid (PTF52203),60e32c2c-284b-e9ab-8587-6f4b67064a57
Azelaic acid (PTF52203),unresolved,834f4132-7b63-4502-d458-6dc442371796,has_member,association,ptfi,1,object,duck egg,Food:OM:0020,a883ab67d3a1554a51bb40a3d074d415,1,duck egg,has_member,Azelaic acid (PTF52203),ad4900fc-34a0-bf89-9f5e-edbeaa4bda22
Azelaic acid (PTF52203),unresolved,834f4132-7b63-4502-d458-6dc442371796,has_member,association,ptfi,1,object,dulse (dried),Food:OM:0020,76ccb607252345e1befbe75d05bbc05f,1,dulse (dried),has_member,Azelaic acid (PTF52203),eb4bc34e-f769-d40e-6896-472faf405774
Azelaic acid (PTF52203),unresolved,834f4132-7b63-4502-d458-6dc442371796,has_member,association,ptfi,1,object,edamame pod (raw),Food:OM:0020,62282005c1663f0b7382535083250d81,1,edamame pod (raw),has_member,Azelaic acid (PTF52203),b2ee1810-f109-d51f-2378-c631ccc2fef4
Azelaic acid (PTF52203),unresolved,834f4132-7b63-4502-d458-6dc442371796,has_member,association,ptfi,1,object,emu flat fillet (raw),Food:OM:0020,dd645d1649a4f27f804eb6c97c52925f,1,emu flat fillet (raw),has_member,Azelaic acid (PTF52203),b0bd160f-3f3f-2e8b-2f9a-2d21e1a6a3d5
Azelaic acid (PTF52203),unresolved,834f4132-7b63-4502-d458-6dc442371796,has_member,association,ptfi,1,object,english walnut meat,Food:OM:0020,e85e92e03bf151c693c91b760777a104,1,english walnut meat,has_member,Azelaic acid (PTF52203),56c8abf0-6218-0f17-3228-97b13b28edca
Azelaic acid (PTF52203),unresolved,834f4132-7b63-4502-d458-6dc442371796,has_member,association,ptfi,1,object,extra firm tofu (raw),Food:OM:0020,bf2072c413e199161afc88159acbc73b,1,extra firm tofu (raw),has_member,Azelaic acid (PTF52203),504a3524-2cd7-091d-8f84-9428a6577310
Azelaic acid (PTF52203),unresolved,834f4132-7b63-4502-d458-6dc442371796,has_member,association,ptfi,1,object,farmer cheese,Food:OM:0020,25d2181f18927b4650e0f6b299c328e4,1,farmer cheese,has_member,Azelaic acid (PTF52203),29860da6-3e4c-8bf9-2222-2dfb2d69e8c6
Azelaic acid (PTF52203),unresolved,834f4132-7b63-4502-d458-6dc442371796,has_member,association,ptfi,1,object,farro kernel,Food:OM:0020,42753171af80054210446ad650faf9b6,1,farro kernel,has_member,Azelaic acid (PTF52203),076d5010-edcb-d86f-fe01-9a3e5f1d9032
Azelaic acid (PTF52203),unresolved,834f4132-7b63-4502-d458-6dc442371796,has_member,association,ptfi,1,object,fennel (whole or pieces),Food:OM:0020,3e86b382942c57d437de965576ce636e,1,fennel (whole or pieces),has_member,Azelaic acid (PTF52203),36b5c2fc-7dc2-0e41-9f80-d441ab09d7a5
Azelaic acid (PTF52203),unresolved,834f4132-7b63-4502-d458-6dc442371796,has_member,association,ptfi,1,object,fig (raw),Food:OM:0020,eb406c33d43a4075fc971e5a98014106,1,fig (raw),has_member,Azelaic acid (PTF52203),4f6ce5bf-cb50-1b39-c424-f0b35a46ace2
Azelaic acid (PTF52203),unresolved,834f4132-7b63-4502-d458-6dc442371796,has_member,association,ptfi,1,object,ginger root,Food:OM:0020,9ca733775070b03e2a50fefb2bc3ea92,1,ginger root,has_member,Azelaic acid (PTF52203),e6170daa-ea5b-14b2-72b8-14ee43c164dd
Azelaic acid (PTF52203),unresolved,834f4132-7b63-4502-d458-6dc442371796,has_member,association,ptfi,1,object,goat milk butter (raw),Food:OM:0020,be8fe0ab0352cd89883b8f95c1bca3af,1,goat milk butter (raw),has_member,Azelaic acid (PTF52203),79ca5afe-2e6d-62be-affa-403137a961d8
Azelaic acid (PTF52203),unresolved,834f4132-7b63-4502-d458-6dc442371796,has_member,association,ptfi,1,object,gorgonzola cheese,Food:OM:0020,402a2d3ea8636d46a5a4a5d0167bf8ed,1,gorgonzola cheese,has_member,Azelaic acid (PTF52203),93c21bfb-9f63-92c8-fdc7-1ebd158e9eda
Azelaic acid (PTF52203),unresolved,834f4132-7b63-4502-d458-6dc442371796,has_member,association,ptfi,1,object,gouda cheese,Food:OM:0020,8f24061ca8fe82743c0dda8071caa70b,1,gouda cheese,has_member,Azelaic acid (PTF52203),02c195e2-83e0-bc0a-0391-762156c47101
Azelaic acid (PTF52203),unresolved,834f4132-7b63-4502-d458-6dc442371796,has_member,association,ptfi,1,object,gouda cheese (smoked),Food:OM:0020,5c25f91a4e5d38af8d47e30def70d564,1,gouda cheese (smoked),has_member,Azelaic acid (PTF52203),5cb7b810-1196-3873-e14c-af54641706d8
Azelaic acid (PTF52203),unresolved,834f4132-7b63-4502-d458-6dc442371796,has_member,association,ptfi,1,object,halibut fillet (raw),Food:OM:0020,28595716d1a6bcf411b1c9cff2a54754,1,halibut fillet (raw),has_member,Azelaic acid (PTF52203),4de53a18-b13d-2506-155c-938a19e5e96f
Azelaic acid (PTF52203),unresolved,834f4132-7b63-4502-d458-6dc442371796,has_member,association,ptfi,1,object,"hemp seed (dehulled, raw)",Food:OM:0020,47743be413e71c0cca0fdaa402504c4a,1,"hemp seed (dehulled, raw)",has_member,Azelaic acid (PTF52203),3346ecfb-0585-b4aa-1f7c-f9086c83da7b
Azelaic acid (PTF52203),unresolved,834f4132-7b63-4502-d458-6dc442371796,has_member,association,ptfi,1,object,irish moss (dried),Food:OM:0020,23ce9fb44b148e5d0007721a1f1b8d82,1,irish moss (dried),has_member,Azelaic acid (PTF52203),e002fd5e-a756-fc24-7401-58e6cd43b674
Azelaic acid (PTF52203),unresolved,834f4132-7b63-4502-d458-6dc442371796,has_member,association,ptfi,1,object,jalapeno pepper (raw),Food:OM:0020,56b9c0d913a9f1f6f49b8fe90c79ce50,1,jalapeno pepper (raw),has_member,Azelaic acid (PTF52203),76053853-87ea-b275-dabb-fb4c48b70199
Azelaic acid (PTF52203),unresolved,834f4132-7b63-4502-d458-6dc442371796,has_member,association,ptfi,1,object,kale lacinato leaf (raw),Food:OM:0020,cc4fe346555771affc99c0dbf246b178,1,kale lacinato leaf (raw),has_member,Azelaic acid (PTF52203),bbc69c9b-3143-09fd-0234-59763f13cbac
Azelaic acid (PTF52203),unresolved,834f4132-7b63-4502-d458-6dc442371796,has_member,association,ptfi,1,object,kale leaf (raw),Food:OM:0020,b4601d6501424f90f795b3e55ed4ba39,1,kale leaf (raw),has_member,Azelaic acid (PTF52203),bb3ee5b9-325f-957d-cde2-7a3a969515b0
Azelaic acid (PTF52203),unresolved,834f4132-7b63-4502-d458-6dc442371796,has_member,association,ptfi,1,object,khorasan wheat kernel (raw),Food:OM:0020,57bf62424d0aa393f9e977e0e0c58bd9,1,khorasan wheat kernel (raw),has_member,Azelaic acid (PTF52203),287baa0a-b6ba-413b-0797-045005506a46
Azelaic acid (PTF52203),unresolved,834f4132-7b63-4502-d458-6dc442371796,has_member,association,ptfi,1,object,lamb liver (raw),Food:OM:0020,c5ccb7859ba897097db7c36be0d43beb,1,lamb liver (raw),has_member,Azelaic acid (PTF52203),39a1451d-96cb-9d3d-260d-c41316b1f53f
Azelaic acid (PTF52203),unresolved,834f4132-7b63-4502-d458-6dc442371796,has_member,association,ptfi,1,object,lamb small intestine (raw),Food:OM:0020,e571b5e60364dffe663a3c2690a2d11c,1,lamb small intestine (raw),has_member,Azelaic acid (PTF52203),503db9d5-6c12-1e3d-7fc9-dfd03d2f47ad
Azelaic acid (PTF52203),unresolved,834f4132-7b63-4502-d458-6dc442371796,has_member,association,ptfi,1,object,lamb tongue (raw),Food:OM:0020,8b162461dde12e663dd6bb7341fefce1,1,lamb tongue (raw),has_member,Azelaic acid (PTF52203),df815e80-d57d-e166-f9d8-8cab744e266a
Azelaic acid (PTF52203),unresolved,834f4132-7b63-4502-d458-6dc442371796,has_member,association,ptfi,1,object,laver (dried),Food:OM:0020,d7702e8ee6571fa406f48a4886f40f87,1,laver (dried),has_member,Azelaic acid (PTF52203),50cbf19b-de45-8077-b346-a93af568fbe2
Azelaic acid (PTF52203),unresolved,834f4132-7b63-4502-d458-6dc442371796,has_member,association,ptfi,1,object,lingonberry (raw),Food:OM:0020,da92f25931defcfb8852880251ddf575,1,lingonberry (raw),has_member,Azelaic acid (PTF52203),ca85bfe3-a0d1-0956-8bde-abbf8020f36f
Azelaic acid (PTF52203),unresolved,834f4132-7b63-4502-d458-6dc442371796,has_member,association,ptfi,1,object,"lobster meat (shell on, frozen)",Food:OM:0020,15038fe552e5cfdd7feef9ec6a052cc2,1,"lobster meat (shell on, frozen)",has_member,Azelaic acid (PTF52203),fd26a341-c5d3-7213-a441-a2d99bc91f7c
Azelaic acid (PTF52203),unresolved,834f4132-7b63-4502-d458-6dc442371796,has_member,association,ptfi,1,object,long grain brown rice kernel (uncooked),Food:OM:0020,8196cd7ce993bd80c99418fc078010b3,1,long grain brown rice kernel (uncooked),has_member,Azelaic acid (PTF52203),16a40442-c968-c776-808c-a19a79a6db11
Azelaic acid (PTF52203),unresolved,834f4132-7b63-4502-d458-6dc442371796,has_member,association,ptfi,1,object,long-grain white rice (uncooked),Food:OM:0020,e7a00532ff21d38fb4ba130fd028e851,1,long-grain white rice (uncooked),has_member,Azelaic acid (PTF52203),cc72d86a-04bd-5a21-09c0-7c0a7ff62209
Azelaic acid (PTF52203),unresolved,834f4132-7b63-4502-d458-6dc442371796,has_member,association,ptfi,1,object,marionberry (frozen),Food:OM:0020,669f32cc9f7f4e1099a350594e2cb2a7,1,marionberry (frozen),has_member,Azelaic acid (PTF52203),8a59b678-d3bd-2927-1a14-cd96a3923943
Azelaic acid (PTF52203),unresolved,834f4132-7b63-4502-d458-6dc442371796,has_member,association,ptfi,1,object,mascarpone,Food:OM:0020,a2912f4f9b4fd6b3fbb959d93620f774,1,mascarpone,has_member,Azelaic acid (PTF52203),361c316e-2977-a989-66ad-3003c340f377
Azelaic acid (PTF52203),unresolved,834f4132-7b63-4502-d458-6dc442371796,has_member,association,ptfi,1,object,millet flour,Food:OM:0020,d4c0f9ef3b8ad2ca79f1a601293a6069,1,millet flour,has_member,Azelaic acid (PTF52203),84588a74-a64f-f49c-59aa-0d6e1e20f62a
Azelaic acid (PTF52203),unresolved,834f4132-7b63-4502-d458-6dc442371796,has_member,association,ptfi,1,object,mountain huckleberry (frozen),Food:OM:0020,1a5aa72f20d1b85756a87515840cdef5,1,mountain huckleberry (frozen),has_member,Azelaic acid (PTF52203),337321ac-285c-77ed-83e8-a9167abdcc1f
Azelaic acid (PTF52203),unresolved,834f4132-7b63-4502-d458-6dc442371796,has_member,association,ptfi,1,object,mung bean sprout,Food:OM:0020,2a3cbed1a027bb0b3e47067070a9ba98,1,mung bean sprout,has_member,Azelaic acid (PTF52203),7fd9ed58-6ad5-57d4-ae98-408d3ee56af6
Azelaic acid (PTF52203),unresolved,834f4132-7b63-4502-d458-6dc442371796,has_member,association,ptfi,1,object,oat flour,Food:OM:0020,e230e40154614d6c366c614aeda04959,1,oat flour,has_member,Azelaic acid (PTF52203),b413193d-51ce-3488-750f-cd5ee1a8e394
Azelaic acid (PTF52203),unresolved,834f4132-7b63-4502-d458-6dc442371796,has_member,association,ptfi,1,object,oat milk,Food:OM:0020,b2807d7424cbc54bd73e6285cc9203a1,1,oat milk,has_member,Azelaic acid (PTF52203),8af92624-5f28-80e9-ad17-657a41926021
Azelaic acid (PTF52203),unresolved,834f4132-7b63-4502-d458-6dc442371796,has_member,association,ptfi,1,object,okra (raw),Food:OM:0020,f6058b35fc2cc321e2b3b4291964322c,1,okra (raw),has_member,Azelaic acid (PTF52203),d2aec420-19e8-038d-03bc-9eea6717317a
Azelaic acid (PTF52203),unresolved,834f4132-7b63-4502-d458-6dc442371796,has_member,association,ptfi,1,object,pacific cod (raw),Food:OM:0020,30a584d8c5b362d9fa775122c3ed9446,1,pacific cod (raw),has_member,Azelaic acid (PTF52203),29278d49-32f9-5145-c2a6-af8a60b6f1a3
Azelaic acid (PTF52203),unresolved,834f4132-7b63-4502-d458-6dc442371796,has_member,association,ptfi,1,object,paprika (ground),Food:OM:0020,0ee07dfd76f271db59fa4548559e0469,1,paprika (ground),has_member,Azelaic acid (PTF52203),0b643295-a0a2-4d63-d598-f33c9ee0bf23
Azelaic acid (PTF52203),unresolved,834f4132-7b63-4502-d458-6dc442371796,has_member,association,ptfi,1,object,parmesan cheese (block),Food:OM:0020,3fb4d16f4cb4a60c65a0720e13773dbb,1,parmesan cheese (block),has_member,Azelaic acid (PTF52203),0e93c883-122a-5e28-d2b1-de0d9c2eb945
Azelaic acid (PTF52203),unresolved,834f4132-7b63-4502-d458-6dc442371796,has_member,association,ptfi,1,object,peanut (dried),Food:OM:0020,8c1ba6be25dfa073c30f402d57f5d125,1,peanut (dried),has_member,Azelaic acid (PTF52203),65215182-ecb4-d481-399b-e81c224b7ea9
Azelaic acid (PTF52203),unresolved,834f4132-7b63-4502-d458-6dc442371796,has_member,association,ptfi,1,object,piece of bison meat (raw),Food:OM:0020,89ecbd985b2764d9a584fc583952c333,1,piece of bison meat (raw),has_member,Azelaic acid (PTF52203),ad6448b1-be37-c48e-954f-e6da5a3439ba
Azelaic acid (PTF52203),unresolved,834f4132-7b63-4502-d458-6dc442371796,has_member,association,ptfi,1,object,pink shrimp (raw),Food:OM:0020,11d52542d3543f2bcbe17d4e4aac0a62,1,pink shrimp (raw),has_member,Azelaic acid (PTF52203),52c737ca-09fe-8920-507c-a031f30e3d22
Azelaic acid (PTF52203),unresolved,834f4132-7b63-4502-d458-6dc442371796,has_member,association,ptfi,1,object,pinto bean (dried),Food:OM:0020,486690db97e8dd3990d964946875e7b2,1,pinto bean (dried),has_member,Azelaic acid (PTF52203),79836bc0-e91e-b54b-e38b-d76f81f3dd68
Azelaic acid (PTF52203),unresolved,834f4132-7b63-4502-d458-6dc442371796,has_member,association,ptfi,1,object,pistachio nut (raw),Food:OM:0020,727648738d7438c7d96a146098cf3139,1,pistachio nut (raw),has_member,Azelaic acid (PTF52203),428f17ec-6073-14f5-4e9a-0d436f02f996
Azelaic acid (PTF52203),unresolved,834f4132-7b63-4502-d458-6dc442371796,has_member,association,ptfi,1,object,pomegranate aril (frozen),Food:OM:0020,b533acbefc04ec55fcb917731bd9a055,1,pomegranate aril (frozen),has_member,Azelaic acid (PTF52203),2bb6b631-e406-fd8c-7a8a-9efddf4b8958
Azelaic acid (PTF52203),unresolved,834f4132-7b63-4502-d458-6dc442371796,has_member,association,ptfi,1,object,portobello mushroom (raw),Food:OM:0020,04f575d614fb683c0567b12929d3a806,1,portobello mushroom (raw),has_member,Azelaic acid (PTF52203),3981dbf3-62a8-84e4-0381-781f20dec74d
Azelaic acid (PTF52203),unresolved,834f4132-7b63-4502-d458-6dc442371796,has_member,association,ptfi,1,object,potato (raw),Food:OM:0020,1166f7b5f276f02d81b38d8ebc719e85,1,potato (raw),has_member,Azelaic acid (PTF52203),fc3351f2-35d4-b570-9b53-0599e494bbed
Azelaic acid (PTF52203),unresolved,834f4132-7b63-4502-d458-6dc442371796,has_member,association,ptfi,1,object,pumpkin (canned),Food:OM:0020,03107a0b956473be8d30a3e695992168,1,pumpkin (canned),has_member,Azelaic acid (PTF52203),3a7685ff-3785-262d-07df-5185a8814877
Azelaic acid (PTF52203),unresolved,834f4132-7b63-4502-d458-6dc442371796,has_member,association,ptfi,1,object,quinoa seed (dried),Food:OM:0020,5a3d3670629586cbe9f427982b74217b,1,quinoa seed (dried),has_member,Azelaic acid (PTF52203),1ba95c63-27ab-4153-2230-108b4e2bc0b5
Azelaic acid (PTF52203),unresolved,834f4132-7b63-4502-d458-6dc442371796,has_member,association,ptfi,1,object,red bell pepper (raw),Food:OM:0020,8c2b841d4c03eb3abcb1515b1fbfbff8,1,red bell pepper (raw),has_member,Azelaic acid (PTF52203),e2b0451c-4814-1435-dcb3-a8f49482da78
Azelaic acid (PTF52203),unresolved,834f4132-7b63-4502-d458-6dc442371796,has_member,association,ptfi,1,object,red dragon fruit (raw),Food:OM:0020,2e635b4c1c1230de9171b4f469ac8397,1,red dragon fruit (raw),has_member,Azelaic acid (PTF52203),91a8d414-473b-dc4c-c6fd-aca110bfb74e
Azelaic acid (PTF52203),unresolved,834f4132-7b63-4502-d458-6dc442371796,has_member,association,ptfi,1,object,red lentil (dried),Food:OM:0020,848084a31ae65cf751d54dd38b21e35a,1,red lentil (dried),has_member,Azelaic acid (PTF52203),5bf7c7c7-fba8-57ee-67e4-71a8fe85fb13
Azelaic acid (PTF52203),unresolved,834f4132-7b63-4502-d458-6dc442371796,has_member,association,ptfi,1,object,red raspberry (raw),Food:OM:0020,90e76b9765242b69e65802ce1c54498b,1,red raspberry (raw),has_member,Azelaic acid (PTF52203),315d720f-d481-553b-63f3-22c58a7a29d8
Azelaic acid (PTF52203),unresolved,834f4132-7b63-4502-d458-6dc442371796,has_member,association,ptfi,1,object,red variety sweet potato (raw),Food:OM:0020,e6b6c9b825333f8a05b9ee62b3e9f741,1,red variety sweet potato (raw),has_member,Azelaic acid (PTF52203),26427d92-cd8d-b9aa-2e8d-30600649e445
Azelaic acid (PTF52203),unresolved,834f4132-7b63-4502-d458-6dc442371796,has_member,association,ptfi,1,object,rhubarb (frozen),Food:OM:0020,3a24e0d63b5fff0852bf6e8b0844c622,1,rhubarb (frozen),has_member,Azelaic acid (PTF52203),fa5fce0e-891c-c2e4-f053-71bff13063f0
Azelaic acid (PTF52203),unresolved,834f4132-7b63-4502-d458-6dc442371796,has_member,association,ptfi,1,object,rockweed (dried),Food:OM:0020,c3732e829da3b6ad1ca362530d109765,1,rockweed (dried),has_member,Azelaic acid (PTF52203),133fd626-5709-c21e-c327-7554c620f45c
Azelaic acid (PTF52203),unresolved,834f4132-7b63-4502-d458-6dc442371796,has_member,association,ptfi,1,object,rolled oats,Food:OM:0020,abebf1af1821d9df1b0a50f99801a4d2,1,rolled oats,has_member,Azelaic acid (PTF52203),c72a4ecb-047b-a729-f215-68bd18bc18fd
Azelaic acid (PTF52203),unresolved,834f4132-7b63-4502-d458-6dc442371796,has_member,association,ptfi,1,object,romano cheese (pecorino-style),Food:OM:0020,bb28dcf7875b8e472dc9c224ea96b5b3,1,romano cheese (pecorino-style),has_member,Azelaic acid (PTF52203),aed5c8c7-982c-d4d8-e9a2-f00e678500a6
Azelaic acid (PTF52203),unresolved,834f4132-7b63-4502-d458-6dc442371796,has_member,association,ptfi,1,object,rutabaga (raw),Food:OM:0020,7aed9731128f656ad38dedf65cd2d016,1,rutabaga (raw),has_member,Azelaic acid (PTF52203),ce30dbec-fd7b-b3c5-f44f-f0785a5b7f09
Azelaic acid (PTF52203),unresolved,834f4132-7b63-4502-d458-6dc442371796,has_member,association,ptfi,1,object,rye kernel (dried),Food:OM:0020,fe9e74875bc47d26b9bfda35c2fc2c95,1,rye kernel (dried),has_member,Azelaic acid (PTF52203),107e657c-c175-aebd-39bd-8b782f034f21
Azelaic acid (PTF52203),unresolved,834f4132-7b63-4502-d458-6dc442371796,has_member,association,ptfi,1,object,scallop (raw),Food:OM:0020,c92f644f06c8a001f309cd3d79b0419a,1,scallop (raw),has_member,Azelaic acid (PTF52203),14ba2732-2bd1-895f-0110-31f081c31df7
Azelaic acid (PTF52203),unresolved,834f4132-7b63-4502-d458-6dc442371796,has_member,association,ptfi,1,object,sea lettuce (dried),Food:OM:0020,318d3fbd2320fd624f6a3617a8031d39,1,sea lettuce (dried),has_member,Azelaic acid (PTF52203),8a6b727f-0a3e-07d1-646a-5f5fbefae4d4
Azelaic acid (PTF52203),unresolved,834f4132-7b63-4502-d458-6dc442371796,has_member,association,ptfi,1,object,shiitake mushroom (raw),Food:OM:0020,1cf8982ba93c1d5ca3b8ac1912fd1582,1,shiitake mushroom (raw),has_member,Azelaic acid (PTF52203),5c8c0621-6c59-6540-41ae-c93298175ff1
Azelaic acid (PTF52203),unresolved,834f4132-7b63-4502-d458-6dc442371796,has_member,association,ptfi,1,object,"shrimp (peeled, deveined, raw)",Food:OM:0020,d2c0bb8023bef64f92ac671d8c978d26,1,"shrimp (peeled, deveined, raw)",has_member,Azelaic acid (PTF52203),dd08c6ff-4539-e29c-f1fd-79eee948a5e5
Azelaic acid (PTF52203),unresolved,834f4132-7b63-4502-d458-6dc442371796,has_member,association,ptfi,1,object,sorghum flour,Food:OM:0020,41063351bb26f6f0fa89826d2475c8e2,1,sorghum flour,has_member,Azelaic acid (PTF52203),6dedb5aa-1aff-aa4c-9b20-e05947dd4bd0
Azelaic acid (PTF52203),unresolved,834f4132-7b63-4502-d458-6dc442371796,has_member,association,ptfi,1,object,sour cream,Food:OM:0020,a487d34aaa85130d62cdbe7e643690ad,1,sour cream,has_member,Azelaic acid (PTF52203),4aca1104-22ca-62c1-2d5f-e8d481937f53
Azelaic acid (PTF52203),unresolved,834f4132-7b63-4502-d458-6dc442371796,has_member,association,ptfi,1,object,soybean milk,Food:OM:0020,19118d0917094e121c428a7e72c66b5d,1,soybean milk,has_member,Azelaic acid (PTF52203),c0508492-b5f6-92d0-641c-55c35e733ee3
Azelaic acid (PTF52203),unresolved,834f4132-7b63-4502-d458-6dc442371796,has_member,association,ptfi,1,object,spelt kernel (raw),Food:OM:0020,b965790337d321558d9041327b159849,1,spelt kernel (raw),has_member,Azelaic acid (PTF52203),1ca249d0-e547-ebae-5c5b-b4f52abce9eb
Azelaic acid (PTF52203),unresolved,834f4132-7b63-4502-d458-6dc442371796,has_member,association,ptfi,1,object,star fruit (raw),Food:OM:0020,08987c336fb8a3625bf9ad04ce32350d,1,star fruit (raw),has_member,Azelaic acid (PTF52203),75a692ab-97fa-e7c2-458f-75edd37e2b51
Azelaic acid (PTF52203),unresolved,834f4132-7b63-4502-d458-6dc442371796,has_member,association,ptfi,1,object,steel cut oats,Food:OM:0020,d317261686e5874a1cece17a67aa8a9c,1,steel cut oats,has_member,Azelaic acid (PTF52203),7337acc7-d789-07e4-1f35-afd31494ae38
Azelaic acid (PTF52203),unresolved,834f4132-7b63-4502-d458-6dc442371796,has_member,association,ptfi,1,object,sugar kelp (dried),Food:OM:0020,53e55f02f0de0d32fa7f39f664fd6fa7,1,sugar kelp (dried),has_member,Azelaic acid (PTF52203),aad291b3-4bf2-8389-1c4b-f8eb8b278190
Azelaic acid (PTF52203),unresolved,834f4132-7b63-4502-d458-6dc442371796,has_member,association,ptfi,1,object,"sugar pea pod (edible, fresh)",Food:OM:0020,1444cca285fdf63831839d5a7ebc7f06,1,"sugar pea pod (edible, fresh)",has_member,Azelaic acid (PTF52203),6fb10f42-ab41-fae4-0a7c-d4235b399d2c
Azelaic acid (PTF52203),unresolved,834f4132-7b63-4502-d458-6dc442371796,has_member,association,ptfi,1,object,sumac berry (dried),Food:OM:0020,da7efe8f3875708b5dcbd5d39698290c,1,sumac berry (dried),has_member,Azelaic acid (PTF52203),3acf3c66-7724-3f20-fc22-2d84415e091c
Azelaic acid (PTF52203),unresolved,834f4132-7b63-4502-d458-6dc442371796,has_member,association,ptfi,1,object,sunflower seed oil,Food:OM:0020,5396e2da7fa8aa1629761b15c7e50c0e,1,sunflower seed oil,has_member,Azelaic acid (PTF52203),7fceeb2e-b5b2-7718-0216-790b55363d9d
Azelaic acid (PTF52203),unresolved,834f4132-7b63-4502-d458-6dc442371796,has_member,association,ptfi,1,object,sweet cherry (frozen),Food:OM:0020,9797ee6cdd8e23066427a2f99c748221,1,sweet cherry (frozen),has_member,Azelaic acid (PTF52203),518468c9-a2ef-56ad-5d3a-81e729f2bf81
Azelaic acid (PTF52203),unresolved,834f4132-7b63-4502-d458-6dc442371796,has_member,association,ptfi,1,object,sweet corn kernel (raw),Food:OM:0020,a8502963217ea4f64d9fda35be6208ea,1,sweet corn kernel (raw),has_member,Azelaic acid (PTF52203),87e49264-c202-84c4-6d86-eda49b72e806
Azelaic acid (PTF52203),unresolved,834f4132-7b63-4502-d458-6dc442371796,has_member,association,ptfi,1,object,sweet green pepper (raw),Food:OM:0020,a72cf5a0b3803d451bd52ec2b049841c,1,sweet green pepper (raw),has_member,Azelaic acid (PTF52203),6c5dff54-b2d5-271f-85a3-7771265ded34
Azelaic acid (PTF52203),unresolved,834f4132-7b63-4502-d458-6dc442371796,has_member,association,ptfi,1,object,tamarind pod (raw),Food:OM:0020,f99569bcb905e4c3514fdd6d6f7066c2,1,tamarind pod (raw),has_member,Azelaic acid (PTF52203),be5c1340-32d6-5773-2386-9048fbb67c22
Azelaic acid (PTF52203),unresolved,834f4132-7b63-4502-d458-6dc442371796,has_member,association,ptfi,1,object,tempeh,Food:OM:0020,8764837f5e37c968e61f9bda6c687c67,1,tempeh,has_member,Azelaic acid (PTF52203),bb35b117-21ca-d329-2d5c-fa7d0260e791
Azelaic acid (PTF52203),unresolved,834f4132-7b63-4502-d458-6dc442371796,has_member,association,ptfi,1,object,tomato (raw),Food:OM:0020,3a0a8a8beb9f01c90d5cc4e3d48a640a,1,tomato (raw),has_member,Azelaic acid (PTF52203),bdf0aee7-ce7a-e565-8d96-fd22e15c34d6
Azelaic acid (PTF52203),unresolved,834f4132-7b63-4502-d458-6dc442371796,has_member,association,ptfi,1,object,trout fillet (raw),Food:OM:0020,a110cbdfef6dafdfd903588c94f07a57,1,trout fillet (raw),has_member,Azelaic acid (PTF52203),88265684-bda5-057c-e168-bc92158b42b1
Azelaic acid (PTF52203),unresolved,834f4132-7b63-4502-d458-6dc442371796,has_member,association,ptfi,1,object,watermelon (raw),Food:OM:0020,bf509749d10771d4ec0bdf89b08e67a7,1,watermelon (raw),has_member,Azelaic acid (PTF52203),65003ad5-ea48-95f0-645c-44cbc5721952
Azelaic acid (PTF52203),unresolved,834f4132-7b63-4502-d458-6dc442371796,has_member,association,ptfi,1,object,white grape,Food:OM:0020,5f7354f5b3bf3450944267fc4e0fbb93,1,white grape,has_member,Azelaic acid (PTF52203),8604e8e8-dcb3-4789-c49e-09178a1b9355
Azelaic acid (PTF52203),unresolved,834f4132-7b63-4502-d458-6dc442371796,has_member,association,ptfi,1,object,white wheat flour (all purpose),Food:OM:0020,09c62d9430a6430725f0b270f388f74f,1,white wheat flour (all purpose),has_member,Azelaic acid (PTF52203),4d3b6258-5cdc-9ce3-99fe-9437c9f0e523
Azelaic acid (PTF52203),unresolved,834f4132-7b63-4502-d458-6dc442371796,has_member,association,ptfi,1,object,whole wheat flour,Food:OM:0020,93402f7a8f6597a9b6d3745b1e50bec5,1,whole wheat flour,has_member,Azelaic acid (PTF52203),0e11be61-4535-d5aa-9c02-eadf2bab558e
Azelaic acid (PTF52203),unresolved,834f4132-7b63-4502-d458-6dc442371796,has_member,association,ptfi,1,object,"whole wheat kernel (raw, dried)",Food:OM:0020,1bd52a45463cb3a42634265731862e5e,1,"whole wheat kernel (raw, dried)",has_member,Azelaic acid (PTF52203),7bf6ebb1-5af8-2224-adb3-821eeb159e89
Azelaic acid (PTF52203),unresolved,834f4132-7b63-4502-d458-6dc442371796,has_member,association,ptfi,1,object,wild boar meat (ground),Food:OM:0020,8fdf4cf01bc5cfeaa00ecbf32d468140,1,wild boar meat (ground),has_member,Azelaic acid (PTF52203),d1af940b-7cc4-6309-c6bc-485a329b7175
Azelaic acid (PTF52203),unresolved,834f4132-7b63-4502-d458-6dc442371796,has_member,association,ptfi,1,object,wild rice kernel,Food:OM:0020,b0a166b8898af2ff7da8088f97b2498f,1,wild rice kernel,has_member,Azelaic acid (PTF52203),4af329d4-84b0-c1b4-e3b0-c3572ea379c3
Azelaic acid (PTF52203),unresolved,834f4132-7b63-4502-d458-6dc442371796,has_member,association,ptfi,1,object,yellow cornmeal,Food:OM:0020,6c9c8aae7961634d758710a7f4145b82,1,yellow cornmeal,has_member,Azelaic acid (PTF52203),2a2f96b2-83f5-75b1-9762-70b4b9314c02
Azelaic acid (PTF52203),unresolved,834f4132-7b63-4502-d458-6dc442371796,has_member,association,ptfi,1,object,zucchini squash (raw),Food:OM:0020,271a0fd1de7bd033eeec5adbc61d0db6,1,zucchini squash (raw),has_member,Azelaic acid (PTF52203),1da87221-e90c-d539-7bf7-853b030ab204
Azelaic acid; nonanedioic acid,unresolved,65c227ae-c250-c609-e519-395d821b1c62,has_participant,association,recon3d,1,object,RE3417C,Reaction:OM:0015,04ca7958d8de4aab4c96d61abfcf357ccec5d42aa7102caf935e60deadcdd189,2,RE3417C,has_participant,Azelaic acid; nonanedioic acid,87ed7bb4-d297-2c96-0be1-7bd01a7b3328
Azelaic acid; nonanedioic acid,unresolved,65c227ae-c250-c609-e519-395d821b1c62,has_participant,association,recon3d,1,object,RE3420C,Reaction:OM:0015,0efb6d094eb32eca2a0ca41abb349ea7105a6bceb0acafef1bcba5abf9bac82b,2,RE3420C,has_participant,Azelaic acid; nonanedioic acid,702545f7-1109-5665-57dc-cee50504192d
